month,day,observations,years_covered,rain_probability,rain_probability_pct,weighted_mean_rain_mm,weighted_rainy_day_intensity_mm,risk_score
1,1,26,26,0.157251909260004,15.725190926000401,0.693519228297924,4.39117794284517,0.6905211154128197
1,2,26,26,0.10439309863733967,10.439309863733968,0.2663042418111122,2.5509755461541554,0.2663042418111122
1,3,26,26,0.0927750947845917,9.27750947845917,0.4955303956003469,5.3412006395777425,0.49553039560034684
1,4,26,26,0.0,0.0,0.0017762478394852583,0.0,0.0
1,5,26,26,0.0,0.0,0.0017762478394852583,0.0,0.0
1,6,26,26,0.08729208668282233,8.729208668282233,0.10905068465339532,1.249261975482764,0.1090506846533953
1,7,26,26,0.07163779580088746,7.163779580088746,0.0949642936236036,1.3256171907850236,0.09496429362360359
1,8,26,26,0.039227947568629115,3.9227947568629116,0.16376519131372236,4.174707102053094,0.16376519131372236
1,9,26,26,0.0,0.0,0.0,0.0,0.0
1,10,26,26,0.04169194129942515,4.169194129942515,0.15093550843630815,3.620256186976577,0.15093550843630815
1,11,26,26,0.03690957586732313,3.690957586732313,0.11701123732696016,3.1487721717718884,0.11621984536293033
1,12,26,26,0.09286117476944339,9.286117476944339,0.4342626042019478,4.676471143942979,0.4342626042019478
1,13,26,26,0.040441183060442386,4.044118306044239,0.2545327069576284,6.2938986373670165,0.2545327069576284
1,14,26,26,0.0,0.0,0.0,0.0,0.0
1,15,26,26,0.11051438229022144,11.051438229022144,0.18787281418454246,1.6999851991315513,0.1878728141845425
1,16,26,26,0.07903892383347413,7.903892383347413,0.21955609049636698,2.7778223671029,0.21955609049636696
1,17,26,26,0.0,0.0,0.0,0.0,0.0
1,18,26,26,0.0,0.0,0.0,0.0,0.0
1,19,26,26,0.08342256584335492,8.342256584335491,0.22921838903868336,2.7275685127013256,0.22754076384308797
1,20,26,26,0.048550470869533575,4.855047086953357,0.10643588276650122,2.192272924654412,0.1064358827665012
1,21,26,26,0.12921750184099703,12.921750184099704,0.3653958724542429,2.8277583705639566,0.3653958724542428
1,22,26,26,0.05730493593454968,5.730493593454968,0.28896489029006345,5.019277005905255,0.28762934726115896
1,23,26,26,0.1477602031339812,14.776020313398119,0.7244812924002924,4.890048925951358,0.7225546226336793
1,24,26,26,0.13412303804244785,13.412303804244786,0.3627481887381021,2.7045926936377476,0.3627481887381021
1,25,26,26,0.03267578213549068,3.267578213549068,0.07588406766656389,2.3223336277586046,0.07588406766656387
1,26,26,26,0.13862581039589367,13.862581039589367,0.18751382059171645,1.3526616728602434,0.18751382059171645
1,27,26,26,0.04169194129942515,4.169194129942515,0.05072763994814075,1.2167253039099954,0.05072763994814075
1,28,26,26,0.055329106390958525,5.532910639095853,0.2696733111617629,4.873986383518223,0.26967331116176296
1,29,26,26,0.10335553519397511,10.33555351939751,0.4154872774790383,4.019980900870592,0.41548727747903824
1,30,26,26,0.0,0.0,0.0,0.0,0.0
1,31,26,26,0.03074464341128318,3.074464341128318,0.14947522235983204,4.861829762025314,0.14947522235983204
2,1,26,26,0.20926686917703424,20.926686917703424,0.5097562547178425,2.4323130515216786,0.5090025371503801
2,2,26,26,0.04169194129942515,4.169194129942515,0.12912646741874909,3.0971565102085927,0.12912646741874909
2,3,26,26,0.05319591011187313,5.319591011187312,0.22806873589384266,4.214922113129587,0.22421661785858785
2,4,26,26,0.11583822437426874,11.583822437426875,1.1457458924330104,9.89091380347087,1.1457458924330104
2,5,26,26,0.06611091507767629,6.611091507767629,0.24844528483681028,3.758007048380774,0.24844528483681028
2,6,26,26,0.08234467621980011,8.234467621980011,0.21287656911955988,2.5851892179566653,0.21287656911955988
2,7,26,26,0.04709395674344757,4.709395674344757,0.13521812577846545,2.8264812527280867,0.13311018585214202
2,8,26,26,0.14538906675953048,14.538906675953047,1.2150346031649537,8.342707945214347,1.212938522402034
2,9,26,26,0.19421328769666663,19.421328769666662,0.7536182488600466,3.8803639946463933,0.7536182488600466
2,10,26,26,0.09782252722814254,9.782252722814254,0.17101353107912567,1.748201931854474,0.17101353107912567
2,11,26,26,0.11686696451286971,11.68669645128697,0.5297220959874002,4.5326932054358755,0.5297220959874002
2,12,26,26,0.09710679888233126,9.710679888233125,0.29512852886530216,3.039215917547883,0.2951285288653021
2,13,26,26,0.03074464341128318,3.074464341128318,0.262637777971064,8.542554046168473,0.262637777971064
2,14,26,26,0.10952831478549913,10.952831478549912,0.3236018406642627,2.9545039682022534,0.32360184066426273
2,15,26,26,0.10165206463277836,10.165206463277835,0.17136713676981433,1.6804871038920404,0.1708249836993842
2,16,26,26,0.20559964165088446,20.559964165088445,0.7114996344086939,3.4606073663146053,0.7114996344086939
2,17,26,26,0.158520079248318,15.8520079248318,0.7120412020924496,4.458351669622274,0.7067382599853937
2,18,26,26,0.0,0.0,0.001765581034657018,0.0,0.0
2,19,26,26,0.2030346442675694,20.30346442675694,0.2474085397160332,1.2121317994334087,0.2461047487033709
2,20,26,26,0.13292596126279696,13.292596126279696,0.34339549056534807,2.583359091806371,0.343395490565348
2,21,26,26,0.06350867744450209,6.350867744450209,0.13608423829310595,2.1427660560562765,0.13608423829310595
2,22,26,26,0.1308323619032664,13.08323619032664,0.2264982377801322,1.7127542773462507,0.22408368746513216
2,23,26,26,0.1201746542391197,12.01746542391197,0.6210964835939966,5.148876661856736,0.6187644725585061
2,24,26,26,0.048550470869533575,4.855047086953357,1.2582470390291696,25.873091269984396,1.2561507640081608
2,25,26,26,0.28733280577041176,28.733280577041175,0.8780983317907692,3.05218674239803,0.876993380428479
2,26,26,26,0.025609427263123714,2.5609427263123714,0.1586937610588258,6.196693093848952,0.1586937610588258
2,27,26,26,0.05319591011187313,5.319591011187312,0.02615723104727293,0.4917150771979129,0.02615723104727293
2,28,25,25,0.07714504337092495,7.714504337092495,0.1515015070058529,1.9638527685753047,0.15150150700585294
2,29,6,6,0.0,0.0,0.0020553128064660334,0.0,0.0
3,1,25,25,0.04150407874621658,4.150407874621658,0.16446233165326568,3.962558298399954,0.16446233165326568
3,2,25,25,0.0,0.0,0.0,0.0,0.0
3,3,25,25,0.0,0.0,0.0,0.0,0.0
3,4,25,25,0.0900854553545299,9.00854553545299,0.595179236835895,6.6068294209489915,0.595179236835895
3,5,25,25,0.10039354850630156,10.039354850630156,0.34157010412099337,3.400477600515632,0.341386012931958
3,6,25,25,0.04982649897069982,4.982649897069982,0.2594874715986213,5.119548054897424,0.2550891558877948
3,7,25,25,0.02968792576104689,2.968792576104689,0.11175189551319305,3.7642203908978087,0.11175189551319305
3,8,25,25,0.0,0.0,0.0,0.0,0.0
3,9,25,25,0.0,0.0,0.0,0.0,0.0
3,10,25,25,0.16163416399106714,16.163416399106715,1.060668067665133,6.553674976961322,1.0592977759703195
3,11,25,25,0.18936312732561686,18.936312732561685,0.7824709641594604,4.119216046675138,0.7800276327282684
3,12,25,25,0.14244209901493582,14.244209901493582,0.9597954831466421,6.738144760461601,0.9597954831466424
3,13,25,25,0.08621135606312455,8.621135606312455,0.38209027104155757,4.399891306054998,0.3793205960253535
3,14,25,25,0.14407562509258734,14.407562509258733,0.7616393484250604,5.286385868085653,0.7616393484250604
3,15,25,25,0.05295621104336255,5.295621104336255,0.2530956779954229,4.77933887279395,0.25309567799542293
3,16,25,25,0.0,0.0,0.0,0.0,0.0
3,17,25,25,0.1398448272954383,13.98448272954383,1.3117043879229753,9.372861473973177,1.3107461940918461
3,18,25,25,0.06734937153170645,6.734937153170645,0.3580833569945939,5.316803243308914,0.35808335699459387
3,19,25,25,0.08356232007536966,8.356232007536967,2.703283247128882,32.325747420238365,2.7012144526055133
3,20,25,25,0.15166128433306203,15.166128433306202,2.5853046086117777,17.04656939957209,2.5853046086117772
3,21,25,25,0.13875041640595567,13.875041640595567,1.2987668315910368,9.32300486229499,1.2935708067981793
3,22,25,25,0.027933369348569013,2.7933369348569013,0.14547626357152119,5.207974081328421,0.14547626357152119
3,23,25,25,0.0,0.0,0.003960041895831733,0.0,0.0
3,24,25,25,0.027933369348569013,2.7933369348569013,0.06825151742711659,2.4433685952966866,0.06825151742711659
3,25,25,25,0.1266384426382685,12.663844263826851,1.7685284556211651,13.965178493807048,1.768528455621165
3,26,25,25,0.19015820792777802,19.015820792777802,1.294239699810322,6.806120618794817,1.294239699810322
3,27,25,25,0.25028633413363766,25.028633413363764,2.7158439744564427,10.850947910749081,2.7158439744564418
3,28,25,25,0.12253971595858727,12.253971595858728,1.895857021278724,15.471367845502723,1.895857021278724
3,29,25,25,0.1345754332285275,13.45754332285275,0.5967050245897386,4.433981821752354,0.5967050245897386
3,30,25,25,0.22103071011978886,22.103071011978887,2.9429558620296183,13.30164664756096,2.940072404272908
3,31,25,25,0.4591196000810992,45.91196000810992,6.3959792308175,13.91884905007705,6.390416409460562
4,1,25,25,0.15721187405496562,15.721187405496561,2.090480721344687,13.297219016763306,2.0904807213446865
4,2,25,25,0.1375142464392469,13.75142464392469,2.5689931833114503,18.658596509406944,2.5658228386050586
4,3,25,25,0.2519031338405673,25.19031338405673,3.0334711262612832,12.042212734761788,3.0334711262612823
4,4,25,25,0.130751255519824,13.0751255519824,2.936760116407001,22.46066475408904,2.936760116407001
4,5,25,25,0.1563464029789386,15.63464029789386,4.4849350056373725,28.685885445292502,4.484935005637371
4,6,25,25,0.18154961249701765,18.154961249701763,5.873837804032426,32.35389887780079,5.873837804032427
4,7,25,25,0.250557124556925,25.055712455692504,4.211025081072383,16.806646741811825,4.211025081072384
4,8,25,25,0.33620170276812134,33.62017027681213,6.449057396291005,19.182108071412497,6.449057396291005
4,9,25,25,0.1762531239956051,17.62531239956051,2.2254659580594467,12.626533406096895,2.2254659580594462
4,10,25,25,0.2096109198243211,20.96109198243211,4.419971567512004,21.08655203276846,4.419971567512005
4,11,25,25,0.2847844905697323,28.478449056973233,3.845291238333148,13.490659270475486,3.841930527792198
4,12,25,25,0.36552324204288583,36.55232420428858,9.167013244221526,25.07915281388861,9.167013244221527
4,13,25,25,0.2031354826442317,20.31354826442317,4.836246534961741,23.807985055136168,4.836246534961741
4,14,25,25,0.1580142345529271,15.80142345529271,2.195749940882183,13.895899613694066,2.195749940882183
4,15,25,25,0.2567189618256296,25.67189618256296,5.483081297176001,21.35830270652253,5.483081297175999
4,16,25,25,0.3330619791340819,33.30619791340819,6.919437408927867,20.768687843170554,6.917260277064332
4,17,25,25,0.3344296434591683,33.442964345916835,4.6714767746229136,13.968488936278375,4.671476774622914
4,18,25,25,0.36293522325362715,36.293522325362716,8.10385910447791,22.328665241771684,8.10385910447791
4,19,25,25,0.42913244827892205,42.91324482789221,7.963633482365508,18.55751881337439,7.963633482365508
4,20,25,25,0.11428204513850448,11.42820451385045,0.6907964184159491,6.044662725266565,0.6907964184159491
4,21,25,25,0.4814090994785011,48.140909947850105,13.632649561874997,28.31369576029591,13.630470778872308
4,22,25,25,0.3117763364839374,31.177633648393737,5.306393929590416,17.009934862883167,5.30329517538012
4,23,25,25,0.29185502271120883,29.185502271120882,4.285594058768854,14.677491842818691,4.283699715129432
4,24,25,25,0.1404061400016417,14.04061400016417,3.06401281055929,21.817030322317382,3.0632450138553566
4,25,25,25,0.14302841240145342,14.302841240145343,2.3154676178396025,16.188864708506504,2.3154676178396034
4,26,25,25,0.16438068926891478,16.43806892689148,9.974698593737575,60.6804767524712,9.974698593737575
4,27,25,25,0.25714620386764564,25.714620386764565,5.269469750163696,20.492115656025454,5.269469750163695
4,28,25,25,0.34100995556782965,34.10099555678296,4.4396287205945395,13.019058969119923,4.4396287205945395
4,29,25,25,0.2954077860502794,29.54077860502794,7.661010299190937,25.933677651566732,7.661010299190938
4,30,25,25,0.3674287467607515,36.74287467607515,6.374569235230541,17.349130386309415,6.374569235230541
5,1,25,25,0.5572255108889058,55.72255108889058,20.37105032281358,36.558000171810086,20.37105032281358
5,2,25,25,0.23495194767124641,23.49519476712464,7.836054551713467,33.35173268143309,7.836054551713467
5,3,25,25,0.28099339046916155,28.099339046916157,7.1237188635317805,25.351908995573314,7.123718863531781
5,4,25,25,0.24985968192652974,24.985968192652976,8.457746901058988,33.84998666389865,8.45774690105899
5,5,25,25,0.2622210226272304,26.22210226272304,6.7240771069383705,25.642784241968357,6.724077106938372
5,6,25,25,0.2730178732396614,27.301787323966142,4.625458121710189,16.941960857082258,4.6254581217101896
5,7,25,25,0.2933960842612814,29.339608426128137,5.047460643628212,17.203571943834262,5.047460643628214
5,8,25,25,0.17593299767699647,17.593299767699648,3.8460706669046467,21.860996616256298,3.8460706669046467
5,9,25,25,0.2869439316244084,28.69439316244084,3.1142598946516107,10.853200055570372,3.1142598946516102
5,10,25,25,0.28959239601530573,28.959239601530573,9.395756243967288,32.44476157955023,9.395756243967288
5,11,25,25,0.30190337042445897,30.190337042445897,4.051905628257844,13.4212003746798,4.051905628257844
5,12,25,25,0.3265721879342101,32.65721879342101,12.624860383758797,38.658712683463875,12.624860383758797
5,13,25,25,0.2654745166888861,26.547451668888613,9.65728016096939,36.37742816681315,9.657280160969393
5,14,25,25,0.3697735909838297,36.97735909838297,13.972891717413011,37.787695114289676,13.972891717413011
5,15,25,25,0.37021228792422917,37.02122879242292,13.135866413549712,35.48198382933796,13.13586641354971
5,16,25,25,0.4094005858150645,40.94005858150645,8.682019093136676,21.206660161103287,8.682019093136676
5,17,25,25,0.5236466740171116,52.36466740171116,12.970786079113099,24.770110692404103,12.970786079113102
5,18,25,25,0.6322839561080272,63.22839561080272,13.522644026998469,21.386979530899396,13.52264402699847
5,19,25,25,0.5088208815996296,50.882088159962954,18.617545652642995,36.58632757725429,18.615887452351366
5,20,25,25,0.5467333037935451,54.67333037935451,16.696066302077984,30.534829296022583,16.694408101786355
5,21,25,25,0.5880320738456905,58.80320738456904,25.492926780661556,43.352952865206014,25.49292678066156
5,22,25,25,0.2749983952932911,27.499839529329112,7.676573056151022,27.91497400544396,7.676573056151024
5,23,25,25,0.43097819831130735,43.097819831130735,13.431300625370064,31.158656176297086,13.428701500662006
5,24,25,25,0.533170917897157,53.3170917897157,10.879477644027789,20.40523456706302,10.879477644027787
5,25,25,25,0.5011436589395071,50.114365893950705,9.95021339431131,19.855012064539363,9.950213394311312
5,26,25,25,0.5107729747170974,51.077297471709734,17.00990176505558,33.30227440963745,17.009901765055588
5,27,25,25,0.4609276536548153,46.09276536548153,14.385396640064311,31.209662787638706,14.385396640064311
5,28,25,25,0.4959856802302588,49.59856802302588,8.790436404863165,17.723165718780933,8.790436404863165
5,29,25,25,0.40515029442752365,40.515029442752365,14.858370780903673,36.67372573898413,14.858370780903673
5,30,25,25,0.38819754665643413,38.819754665643416,14.343056007261062,36.94782754501814,14.343056007261064
5,31,25,25,0.3988376764973303,39.88376764973303,23.15539935503789,58.05720151213669,23.15539935503789
6,1,25,25,0.5406094309800691,54.06094309800691,15.805777994045638,29.236963116591195,15.805777994045632
6,2,25,25,0.585718765568594,58.5718765568594,17.670458817501572,30.16884528250986,17.670458817501576
6,3,25,25,0.48301233583575576,48.30123358357557,12.88438641790744,26.675066995159852,12.884386417907434
6,4,25,25,0.5467126503497792,54.67126503497792,11.820484667976798,21.62101912296013,11.820484667976793
6,5,25,25,0.6880883393588586,68.80883393588586,22.362226457123093,32.49906324231507,22.362226457123096
6,6,25,25,0.4789605888518699,47.89605888518699,9.720252348014819,20.294472184685414,9.72025234801482
6,7,25,25,0.629862996186575,62.986299618657505,17.05020806618365,27.069709078659887,17.050208066183647
6,8,25,25,0.5337745347837832,53.37745347837832,12.985959244230783,24.328547725662908,12.985959244230786
6,9,25,25,0.6885256047827675,68.85256047827674,18.58583898582769,26.993678748797727,18.585838985827692
6,10,25,25,0.479433502610436,47.9433502610436,15.969067714776681,33.30820150829626,15.969067714776681
6,11,25,25,0.7810445930818194,78.10445930818194,17.548809874506773,22.468384046118636,17.548809874506773
6,12,25,25,0.7817634507930497,78.17634507930497,15.35902603378196,19.646641216343895,15.359026033781962
6,13,25,25,0.7516236883690659,75.1623688369066,21.768848670766914,28.962430279443076,21.76884867076692
6,14,25,25,0.7439738084761249,74.3973808476125,22.207720705735063,29.850137804209723,22.20772070573506
6,15,25,25,0.7164836724086835,71.64836724086835,20.999151358155927,29.308625118505105,20.999151358155924
6,16,25,25,0.6838802803692925,68.38802803692926,25.728182296621025,37.620886338070626,25.728182296621025
6,17,25,25,0.7771941812152954,77.71941812152954,23.29287788587105,29.970473851783193,23.292877885871057
6,18,25,25,0.6591129926951694,65.91129926951695,21.847350125228612,33.14659302328866,21.847350125228612
6,19,25,25,0.6763721333235829,67.63721333235829,20.331509686555243,30.05965013172483,20.331509686555243
6,20,25,25,0.5859828479733141,58.59828479733141,13.240855706859854,22.59597828273439,13.240855706859854
6,21,25,25,0.631837860104938,63.183786010493804,18.959113162221154,30.00629490463322,18.959113162221158
6,22,25,25,0.513416033364883,51.3416033364883,15.738491238695396,30.65445996212218,15.738491238695389
6,23,25,25,0.611699617870576,61.1699617870576,18.83190364245216,30.786194877820957,18.831903642452165
6,24,25,25,0.6251707748505659,62.517077485056596,19.996944806144977,31.986371741265142,19.996944806144974
6,25,25,25,0.61312319838778,61.312319838777995,21.42190303302556,34.93898630708297,21.421903033025558
6,26,25,25,0.7543770274642497,75.43770274642497,22.92592318924661,30.390537297125054,22.925923189246614
6,27,25,25,0.7145535068067037,71.45535068067036,25.933660609969095,36.29351806817806,25.933660609969095
6,28,25,25,0.7864030667721603,78.64030667721603,20.742609809224607,26.376562714034076,20.742609809224614
6,29,25,25,0.5672024507018162,56.72024507018162,16.431857045515113,28.96483064953411,16.428922928578825
6,30,25,25,0.752740539496732,75.2740539496732,28.140172638845247,37.38086893862237,28.138095451715238
7,1,25,25,0.6217347911436065,62.17347911436065,20.147765812855177,32.40572362983867,20.14776581285518
7,2,25,25,0.6880963001724169,68.80963001724169,19.985711233993502,29.044933432988472,19.985711233993502
7,3,25,25,0.7454384075735833,74.54384075735832,17.550463655619534,23.54158467335524,17.548801390664604
7,4,25,25,0.7253950260630827,72.53950260630828,23.832750758718614,32.85485825297903,23.83275075871861
7,5,25,25,0.5794308978490867,57.94308978490867,18.43315450595563,31.812515650065603,18.433154505955635
7,6,25,25,0.6359735591789238,63.597355917892386,17.593229987498226,27.663461371274675,17.59322998749823
7,7,25,25,0.4984487664951636,49.844876649516365,10.372239474996032,20.809038304835834,10.372239474996032
7,8,25,25,0.5972674587449015,59.72674587449015,17.040066337136285,28.530043094837787,17.040066337136288
7,9,25,25,0.48927609452394816,48.92760945239482,18.69256768179702,38.20453909562934,18.692567681797016
7,10,25,25,0.6989967433315203,69.89967433315203,25.23396956631585,36.100267715192885,25.23396956631585
7,11,25,25,0.6781846443222547,67.81846443222547,23.844075118682863,35.1586773872055,23.84407511868286
7,12,25,25,0.7049650246374528,70.49650246374529,20.404766292508217,28.9443668542307,20.404766292508217
7,13,25,25,0.6649981460949419,66.4998146094942,18.411684236660193,27.68682039909259,18.411684236660193
7,14,25,25,0.7898944133739918,78.98944133739919,27.419683458534177,34.713099617216514,27.419683458534177
7,15,25,25,0.6550719147136624,65.50719147136624,17.576676935797163,26.831675333661774,17.576676935797167
7,16,25,25,0.49203336605151055,49.20333660515105,12.128655706772035,24.641212984465085,12.124298968338543
7,17,25,25,0.6205967191025461,62.05967191025461,13.864451434895553,22.340516809281777,13.864451434895551
7,18,25,25,0.6975785079138257,69.75785079138257,20.88253149152158,29.935743797458375,20.882531491521576
7,19,25,25,0.9055397102104209,90.55397102104209,27.919345418724124,30.831718481165765,27.919345418724127
7,20,25,25,0.7916319754090759,79.16319754090759,23.328340356162055,29.4686686248457,23.32834035616206
7,21,25,25,0.8467529964799213,84.67529964799213,23.27848409248645,27.48687497402992,23.274593748128794
7,22,25,25,0.4641302898823329,46.41302898823329,13.516973543507985,29.11296923894965,13.512210852209142
7,23,25,25,0.5919459572546435,59.19459572546435,27.356635277179816,46.20972625517987,27.353660642597482
7,24,25,25,0.7486007398302156,74.86007398302156,14.655313600490866,19.57694244840678,14.655313600490867
7,25,25,25,0.5740471155662266,57.40471155662266,13.550250836900458,23.604771227767273,13.55025083690046
7,26,25,25,0.6921032835864412,69.21032835864412,15.485279914880618,22.37423269347424,15.485279914880628
7,27,25,25,0.7003888089469994,70.03888089469994,14.720391630844244,21.011829753669215,14.716450414969504
7,28,25,25,0.620260638062708,62.026063806270805,18.20757173711892,29.348356810292717,18.203630521244182
7,29,25,25,0.754812520495911,75.48125204959109,19.645604962999617,26.027131810283795,19.645604962999613
7,30,25,25,0.6385516658266472,63.85516658266472,19.148345654374992,29.987151673288945,19.14834565437499
7,31,25,25,0.6294970672731406,62.94970672731406,15.832236666494465,25.15061227382146,15.832236666494461
8,1,25,25,0.6368570974149489,63.68570974149489,9.833069576645263,15.439993707471329,9.833069576645267
8,2,25,25,0.5834367136849352,58.343671368493524,15.03252402594475,25.765474940719184,15.03252402594475
8,3,25,25,0.796666049246875,79.6666049246875,13.631372070635674,17.110522135996682,13.631372070635678
8,4,25,25,0.7174374995909156,71.74374995909156,14.924760114964794,20.800497212514276,14.923056710394054
8,5,25,25,0.624279494429875,62.4279494429875,14.793183689712889,23.68719539783003,14.787430367418994
8,6,25,25,0.7280731954996421,72.8073195499642,12.928055102180647,17.75653214826668,12.928055102180647
8,7,25,25,0.6807118803928766,68.07118803928766,14.795538921093637,21.735391062301293,14.795538921093636
8,8,25,25,0.5787517508352514,57.87517508352514,9.220904686881562,15.928067176566596,9.218396765859417
8,9,25,25,0.5995965737259072,59.959657372590726,14.20242543417356,23.686635408737168,14.202425434173561
8,10,25,25,0.7660810560287602,76.60810560287602,17.760782753575572,23.18394719958824,17.760782753575576
8,11,25,25,0.6761970532820009,67.61970532820008,18.340425123135567,27.12290009860023,18.340425123135567
8,12,25,25,0.8442244528839103,84.42244528839103,25.286816326359357,29.95271724240919,25.286816326359364
8,13,25,25,0.7586233720851325,75.86233720851325,14.042689550705605,18.51075259137908,14.042689550705603
8,14,25,25,0.6345973740337667,63.45973740337667,13.462358951320592,21.21401616547544,13.46235895132059
8,15,25,25,0.5440053115483231,54.40053115483231,10.563788993054988,19.408037167855884,10.558075306040875
8,16,25,25,0.6038442479447204,60.38442479447204,15.491367429207031,25.649094776424196,15.488058345732725
8,17,25,25,0.7354491420362329,73.54491420362329,14.287293055817779,19.42662277946324,14.287293055817779
8,18,25,25,0.6111437414262836,61.11437414262836,14.35201340784075,23.483858927109537,14.352013407840753
8,19,25,25,0.4638710535382236,46.38710535382236,8.401328848890518,18.106181599082863,8.398933533920966
8,20,25,25,0.40417392120368706,40.4173921203687,8.533156709827017,21.112586097623694,8.533156709827018
8,21,25,25,0.7125503959815984,71.25503959815984,13.941574306823185,19.565737925971522,13.941574306823187
8,22,25,25,0.7861720175020526,78.61720175020525,16.858578200036728,21.443879742250832,16.85857820003673
8,23,25,25,0.762495847595792,76.24958475957921,14.688668124774665,19.263931955943313,14.68866812477466
8,24,25,25,0.6746133219450167,67.46133219450167,10.710937169650592,15.877150393012208,10.710937169650592
8,25,25,25,0.6085200125974634,60.85200125974634,12.616468926542938,20.730682029167063,12.615034889542748
8,26,25,25,0.7396477658863244,73.96477658863245,22.27976233284178,30.118427282223276,22.277027451306168
8,27,25,25,0.6954681447628247,69.54681447628246,13.056338012013962,18.773452257064285,13.056338012013962
8,28,25,25,0.5644388954400592,56.44388954400592,11.212932603782352,19.865627075611616,11.212932603782354
8,29,25,25,0.4929205840075502,49.29205840075502,6.579646491985121,13.340735141687812,6.575922957130804
8,30,25,25,0.8031139039490142,80.31139039490142,17.785697829345327,22.145921944434992,17.785697829345327
8,31,25,25,0.7589843680954069,75.8984368095407,17.42605358185017,22.95970024465597,17.42605358185017
9,1,25,25,0.574245057416021,57.424505741602104,19.59863461994227,34.12939191524242,19.59863461994227
9,2,25,25,0.6908683537510883,69.08683537510883,21.678338569025268,31.378392788325222,21.678338569025268
9,3,25,25,0.6759794551151663,67.59794551151663,22.285383426856743,32.96754547526891,22.285383426856747
9,4,25,25,0.6996560546037575,69.96560546037574,18.876440956935664,26.97960066625326,18.87644095693566
9,5,25,25,0.5861450892035249,58.61450892035249,19.007937070593556,32.428723571534526,19.007937070593556
9,6,25,25,0.5285319335076168,52.853193350761686,14.354410764937125,27.159022671863323,14.354410764937125
9,7,25,25,0.6996610453989138,69.96610453989138,16.851773451830862,24.085624835984365,16.851773451830862
9,8,25,25,0.36802129370613235,36.80212937061324,8.424837420649126,22.892255325248705,8.424837420649126
9,9,25,25,0.701918758374912,70.1918758374912,20.13591449337228,28.686958787069756,20.135914493372276
9,10,25,25,0.7243049868345441,72.43049868345442,23.83418242401583,32.90627961596565,23.83418242401583
9,11,25,25,0.6529716329387382,65.29716329387382,19.865954233312173,30.423916187452516,19.865954233312177
9,12,25,25,0.6584066087687905,65.84066087687906,15.897369954122379,24.145216257549723,15.897369954122382
9,13,25,25,0.5766493392757042,57.66493392757042,18.707402690138892,32.4415574873218,18.707402690138892
9,14,25,25,0.6741026630449805,67.41026630449805,20.53650356431211,30.464949465630262,20.536503564312113
9,15,25,25,0.5251488815087991,52.51488815087991,18.099808032217407,34.45907199402394,18.096143115492854
9,16,25,25,0.6484158204113343,64.84158204113342,22.553138511558565,34.781906612413586,22.55313851155857
9,17,25,25,0.4775488407766072,47.75488407766072,15.992037293577914,33.48775230523246,15.992037293577917
9,18,25,25,0.4595954093392834,45.95954093392834,12.82898590591496,27.91365110534497,12.828985905914962
9,19,25,25,0.4569994729445252,45.69994729445252,14.957303440438924,32.71900839385399,14.952569591258769
9,20,25,25,0.6533362793871391,65.33362793871392,15.809976970890027,24.198835224213394,15.809976970890025
9,21,25,25,0.6541417709471757,65.41417709471757,27.222187167421154,41.61511827627875,27.22218716742116
9,22,25,25,0.5891664530161588,58.91664530161588,16.637794648043567,28.239548539922126,16.637794648043563
9,23,25,25,0.5618542508204879,56.18542508204879,26.277267739225955,46.76883319980707,26.277267739225962
9,24,25,25,0.6616499340583744,66.16499340583744,26.92364709324193,40.6916795534156,26.92364709324193
9,25,25,25,0.5174448537391233,51.74448537391233,29.41800187279768,56.85243878689566,29.418001872797685
9,26,25,25,0.36901435493359963,36.90143549335996,12.109223069814606,32.81504610299926,12.109223069814604
9,27,25,25,0.33974490119943473,33.974490119943475,7.593632484742174,22.350982922579938,7.593632484742174
9,28,25,25,0.4363318564747842,43.63318564747842,10.475302074580046,24.007649038537302,10.475302074580048
9,29,25,25,0.4053165921826555,40.531659218265546,9.13577960090174,22.539860881847922,9.135779600901744
9,30,25,25,0.439962106665004,43.9962106665004,8.659856977033664,19.680713088268305,8.65876799098404
10,1,25,25,0.4451748275695786,44.51748275695786,12.363196456399573,27.771553310631127,12.36319645639957
10,2,25,25,0.5484148851751994,54.84148851751994,17.330917552408692,31.601836530881315,17.3309175524087
10,3,25,25,0.4645790504574097,46.45790504574097,26.35035597450902,56.71229793696021,26.34734552481069
10,4,25,25,0.40714833593342553,40.714833593342554,16.976204326688812,41.69537937019756,16.976204326688816
10,5,25,25,0.3909242696221826,39.092426962218255,14.55456848278379,37.231171389922594,14.55456848278379
10,6,25,25,0.3937593917853554,39.37593917853554,7.446616181010653,18.911590012486418,7.446616181010653
10,7,25,25,0.4043584712310947,40.43584712310947,17.940380500412598,44.36751490773022,17.940380500412594
10,8,25,25,0.3492518397675593,34.92518397675593,8.07959435518051,23.13400656831985,8.07959435518051
10,9,25,25,0.384288839451405,38.4288839451405,13.494284016316646,35.114951648298025,13.49428401631665
10,10,25,25,0.2331769115386903,23.31769115386903,6.45280710882778,27.67343930514787,6.45280710882778
10,11,25,25,0.19113184762368615,19.113184762368615,2.514408163114224,13.155359477635391,2.514408163114223
10,12,25,25,0.10815081874122051,10.81508187412205,1.6284364636145334,15.05708863389189,1.6284364636145334
10,13,25,25,0.03905118769231518,3.905118769231518,1.2214929437927824,31.279277685916785,1.2214929437927824
10,14,25,25,0.03905118769231518,3.905118769231518,5.6898860215105955,145.70327710238374,5.6898860215105955
10,15,25,25,0.06816951073163484,6.816951073163484,0.7729297507813153,11.338349688677296,0.7729297507813154
10,16,25,25,0.0854674635954082,8.54674635954082,2.788217918643404,32.62315039372717,2.788217918643404
10,17,25,25,0.0854674635954082,8.54674635954082,0.9100112745910285,10.647458533447336,0.9100112745910286
10,18,25,25,0.08043260800270692,8.043260800270692,2.5028435636526543,31.117274769561398,2.5028435636526543
10,19,25,25,0.03155268972371866,3.155268972371866,0.2478375002174582,7.854718643246277,0.2478375002174582
10,20,25,25,0.12549022998065143,12.549022998065142,9.957491963616972,79.34874264835005,9.957491963616972
10,21,25,25,0.1114604128179394,11.146041281793941,5.019120126749346,45.03051800954326,5.019120126749346
10,22,25,25,0.11388830587062429,11.38883058706243,0.6202587484159992,5.4462022564512065,0.6202587484159992
10,23,25,25,0.08983578274779541,8.983578274779541,0.16434064440337606,1.8293450491186267,0.16434064440337606
10,24,25,25,0.10432373575542424,10.432373575542425,5.281840265216007,50.629324448260874,5.281840265216007
10,25,25,25,0.07589992100853844,7.589992100853844,0.7833227042600149,10.320467977455396,0.783322704260015
10,26,25,25,0.15092253198901248,15.092253198901249,2.87884928642177,19.075013177166664,2.8788492864217705
10,27,25,25,0.122125244000797,12.2125244000797,1.3516754529489716,11.067944748099341,1.3516754529489716
10,28,25,25,0.0,0.0,0.00043967879602271247,0.0,0.0
10,29,25,25,0.0,0.0,0.0,0.0,0.0
10,30,25,25,0.0,0.0,1.755003052291339e-05,0.0,0.0
10,31,25,25,0.12547674737250375,12.547674737250375,1.3030448536728463,10.384751605048281,1.303044853672846
11,1,25,25,0.3217542030114244,32.17542030114244,0.9780054978632653,3.039604420733984,0.9780054978632652
11,2,25,25,0.0736229233782823,7.36229233782823,0.10504482281049293,1.4267950522795951,0.10504482281049292
11,3,25,25,0.22212034217578328,22.212034217578328,0.32361852530051227,1.4569513180580491,0.3236185253005123
11,4,25,25,0.14458269213925432,14.458269213925432,0.31831550159840083,2.2016155384063287,0.3183155015984009
11,5,25,25,0.1302367052381627,13.02367052381627,0.2666876315626925,2.047714821063718,0.2666876315626925
11,6,25,25,0.24768241723553705,24.768241723553704,0.7236875805263491,2.921836715757454,0.723687580526349
11,7,25,25,0.048331704001578824,4.833170400157883,0.03687371329829347,0.7629301316810377,0.03687371329829347
11,8,25,25,0.14262567397253997,14.262567397253997,0.22453619370931696,1.5675322694037,0.2235703463974078
11,9,25,25,0.12254548389148308,12.254548389148308,0.12433705874264872,1.0146196725841985,0.12433705874264873
11,10,25,25,0.03155268972371866,3.155268972371866,0.20096021134897885,6.351244568102288,0.20039884921678505
11,11,25,25,0.04688175288153146,4.688175288153146,0.010760222288540363,0.2199035194787112,0.010309462457979979
11,12,25,25,0.07481512223010046,7.481512223010046,0.14052220600730897,1.8782593922004247,0.14052220600730897
11,13,25,25,0.0,0.0,0.0,0.0,0.0
11,14,25,25,0.0,0.0,1.195773104393947e-08,0.0,0.0
11,15,25,25,0.03252854610692646,3.252854610692646,0.13123233691257258,4.023811895197089,0.13088875075851766
11,16,25,25,0.0,0.0,0.0,0.0,0.0
11,17,25,25,0.0,0.0,0.0,0.0,0.0
11,18,25,25,0.0,0.0,0.0,0.0,0.0
11,19,25,25,0.0,0.0,0.0,0.0,0.0
11,20,25,25,0.0,0.0,0.0,0.0,0.0
11,21,25,25,0.0,0.0,0.0,0.0,0.0
11,22,25,25,0.0,0.0,0.0,0.0,0.0
11,23,25,25,0.0,0.0,0.0,0.0,0.0
11,24,25,25,0.0,0.0,0.0,0.0,0.0
11,25,25,25,0.0,0.0,0.0,0.0,0.0
11,26,25,25,0.0,0.0,0.0,0.0,0.0
11,27,25,25,0.0,0.0,0.0,0.0,0.0
11,28,25,25,0.0,0.0,0.0,0.0,0.0
11,29,25,25,0.0,0.0,0.0,0.0,0.0
11,30,25,25,0.0,0.0,0.0,0.0,0.0
12,1,25,25,0.0,0.0,0.0006696089702947107,0.0,0.0
12,2,25,25,0.0,0.0,0.0,0.0,0.0
12,3,25,25,0.0,0.0,0.0,0.0,0.0
12,4,25,25,0.045475300295085515,4.547530029508551,0.024211780889199827,0.5324160749262029,0.024211780889199827
12,5,25,25,0.10278271001406238,10.278271001406237,0.18673066189457624,1.8167516877987397,0.18673066189457624
12,6,25,25,0.0,0.0,0.0,0.0,0.0
12,7,25,25,0.05295621104336255,5.295621104336255,0.1853903037069625,3.5008226618622293,0.18539030370696247
12,8,25,25,0.0,0.0,0.0,0.0,0.0
12,9,25,25,0.027933369348569013,2.7933369348569013,0.02747925355690573,0.9837428923809168,0.02747925355690573
12,10,25,25,0.0,0.0,0.0,0.0,0.0
12,11,25,25,0.08137918869441849,8.13791886944185,0.15279689580580466,1.869362006158054,0.15212716343731297
12,12,25,25,0.07181164610754874,7.181164610754874,0.13768120140089904,1.8938209575953637,0.13599840039789732
12,13,25,25,0.0,0.0,0.0,0.0,0.0
12,14,25,25,0.0,0.0,0.0,0.0,0.0
12,15,25,25,0.0,0.0,0.0,0.0,0.0
12,16,25,25,0.0,0.0,0.0,0.0,0.0
12,17,25,25,0.0,0.0,0.0,0.0,0.0
12,18,25,25,0.0,0.0,0.0,0.0,0.0
12,19,25,25,0.05295621104336255,5.295621104336255,0.09197376090197594,1.7367889259800768,0.09197376090197593
12,20,25,25,0.05678329402915883,5.6783294029158835,0.10057567154011499,1.771219392247098,0.10057567154011497
12,21,25,25,0.11407474730941404,11.407474730941404,0.23752114024963755,2.0821535515252125,0.23752114024963764
12,22,25,25,0.0,0.0,0.0,0.0,0.0
12,23,25,25,0.0,0.0,0.0,0.0,0.0
12,24,25,25,0.027095368268111944,2.7095368268111946,0.016256810167177647,0.4935703898921158,0.013373471480362475
12,25,25,25,0.0800515793114745,8.00515793114745,0.12643437237986516,1.5794113428783059,0.12643437237986516
12,26,25,25,0.0,0.0,0.0,0.0,0.0
12,27,25,25,0.02879728798821548,2.879728798821548,0.19011262845384874,6.601754600351508,0.19011262845384877
12,28,25,25,0.02879728798821548,2.879728798821548,0.003375371762956571,0.1172114458951083,0.003375371762956571
12,29,25,25,0.0,0.0,0.0,0.0,0.0
12,30,25,25,0.045475300295085515,4.547530029508551,0.18816724094891552,4.12205661426891,0.18745176236722216
12,31,25,25,0.04150407874621658,4.150407874621658,0.05964046944752568,1.3436701355558456,0.05576779111504932
