date,dewpoint_c,era5land_tp_mm,soil_water_l1,solar_rad_MJm2,surface_pressure_hpa,temp_c,u10_ms,v10_ms,wind_speed_ms,rain_mm
2001-01-01,9.454014764402329,3.659507595927098,0.14806837726392896,12.82888628387097,1008.5334932429768,17.53934173782863,0.493185828966518,0.009118034723877863,1.0222238783337894,5.5263083801125035
2001-02-01,12.478560685767437,9.760116326182747,0.15317132737901473,14.274447819047621,1006.4786135250386,20.800403452538855,-0.3352389051456645,-0.08701985542048281,1.2578580578081706,10.612291073076655
2001-03-01,10.57368453092009,7.7252919630968915,0.1480658473079777,17.99500324676434,1004.4643350742176,25.434324851957452,-0.015638603360849407,0.3694791932570582,1.5659166778363085,14.583770539001987
2001-04-01,19.007885519856185,152.82216546515946,0.25588222978893754,16.716600693333337,1002.4155839794429,26.77247151923905,-1.6411032940964108,0.28239790344077736,2.0308295811371666,112.65494361357258
2001-05-01,23.15129495088114,504.92206924475033,0.400577761444062,12.87022740723363,998.6888530135021,25.87798717706359,-1.372681666702353,0.05774631025582196,1.568797608945544,429.9943724892357
2001-06-01,24.676722144438386,563.9764781485932,0.4132661068078244,10.865733756767677,995.6627685287117,26.931642205851674,-1.9412425768736639,0.6851252125971247,2.162195388038776,419.87403632077314
2001-07-01,25.187042137760056,266.3247083002606,0.4076946285890422,12.93906924965787,995.9197957126075,27.987547982030396,-1.2739015394097706,1.2903631832437277,2.1294635518093146,464.7256261681066
2001-08-01,25.403942625605758,441.0123808431467,0.4113203860991706,13.062826695210168,997.6514153009431,28.000586462782227,-1.1739920551825829,0.56738100135004,1.4942950007116393,309.83384063749605
2001-09-01,24.725126289855783,307.9108966418941,0.4046343384045945,11.76412153693182,1001.2947140174533,27.032995819194575,-0.935894394683517,0.44800881370550866,1.1882986348751978,664.9863800222224
2001-10-01,22.45352707617679,122.0857560816943,0.35057294789025595,11.732305703914605,1005.0532420443092,25.33856379476968,-0.6931197744427307,-0.11370756735666526,1.1265080477671021,383.5513448195025
2001-11-01,17.921226401409346,8.42483266077804,0.22701216765124388,12.067835832727274,1009.3085384262548,22.700180130647116,-0.76241452958046,-0.4546041102200647,1.127683109914538,0.0
2001-12-01,12.020555766936296,2.5205698871969817,0.1583788179737537,11.83978381075269,1012.0954011714932,18.721405514928122,-0.7951912339248733,-0.9082026288733883,1.3775395606574068,5.616368097969981
2002-01-01,11.735819623119964,19.49292115239442,0.18417261732094603,12.093041970283481,1010.6727280679147,18.05210709321692,-0.33392099779488876,-0.3124962534645009,1.4885955275402754,7.474112836519877
2002-02-01,12.325724500047896,1.908300811200504,0.1589202436361822,15.051162860606064,1010.2002342777668,21.3681742281453,0.5919524373258176,-0.0513917765146038,1.3699358896196614,9.933010516925293
2002-03-01,14.504185346004922,43.59319601143963,0.18027828374410848,16.387909333564064,1005.336440307498,24.517251405066514,-0.4583918367235464,0.2330459952859391,1.689677948329327,26.630125438444548
2002-04-01,20.46668933354647,478.9998489625534,0.3586502135562576,12.82843205818182,1003.1415470966173,23.96977500440299,-2.032277862857087,-0.31480862319670144,2.172165223684961,278.00497569748853
2002-05-01,23.105999229209928,350.0925221486203,0.4011254785114486,13.703034787878789,998.476965702896,25.86356843579824,-1.772461078267177,-0.05569313111620642,1.8527432934816608,174.27822637268994
2002-06-01,24.72128725726198,728.2673854662456,0.4159414274684508,8.748665202828283,996.9270922292587,26.601033445159217,-1.4424319575451041,0.8578524070315893,1.9066396028322745,711.272274208069
2002-07-01,25.33461356127292,593.3985416778625,0.41944622389071534,7.983951589442817,994.9718872084633,27.028574112922943,-0.9132990423418795,1.3504532669529772,1.9205633578502077,790.5510721697952
2002-08-01,24.794475937138273,487.16935884920974,0.41403699162030466,11.449160867253179,997.8305151161949,27.223088422137025,-1.5886403957458926,0.40843640952360444,1.9244029306422583,419.46901907776345
2002-09-01,24.567407243259847,362.36492050051703,0.4047820605653705,12.306610851873423,1001.978268845026,26.904917776448183,-0.9641869918826453,0.26528191531948775,1.3553838025671854,591.2466325095206
2002-10-01,21.636268567370863,132.87975318059196,0.3482591571229877,13.867330706479393,1005.8696438280233,24.90831215374633,-0.25805047204728315,-0.11060537776095583,1.0252215683973545,66.50519349069307
2002-11-01,17.280793110882822,22.301907118248856,0.2511292306662408,12.45265811919192,1008.3435428007288,22.114291958664428,-1.1175170089419844,-0.7869528744999408,1.5712152858304775,4.506957372390863
2002-12-01,13.60676579728662,14.938664473374985,0.18420279482048782,10.874532669012709,1010.2825712667884,19.17134216062486,-0.7933285189125506,-0.3995349605140177,1.2242946564941992,0.9837428923809168
2003-01-01,11.12825449971201,14.853951910555518,0.19927052398114845,12.345047451808409,1011.9452240814777,16.625932266518777,0.15354286172406295,-0.38215154097498966,1.3051339436178735,6.747277620705691
2003-02-01,13.42338816297349,21.890203027478655,0.21093509723613788,13.947096646320349,1009.5673935532785,19.770656117388373,-0.47669100637559775,-0.5459727735488447,1.497583783366295,17.88515223011826
2003-03-01,15.410923348330824,145.27990059986982,0.2747703245230706,15.31309880478597,1006.5401043951359,22.2839040884874,-0.708879247889452,-0.21750377469048826,1.492316955019678,53.52088635870904
2003-04-01,20.913293198608013,140.11650140931908,0.32817984353010904,13.953810785858588,1003.3350924265443,24.90135538852579,-2.0363235207358596,-0.42150705354382295,2.2013408100734693,191.68698223576402
2003-05-01,22.77183419330459,377.54730832742365,0.381214285285281,14.001262963049856,999.4316664824278,26.124634269100348,-1.617367083523708,-0.5593786155956116,1.909374476830098,239.7270607225823
2003-06-01,24.70320089680581,747.1425671462441,0.4178173427389126,9.52269158747475,995.3009016154384,26.6076277164498,-1.6658187058959346,0.3349419523730423,1.9515451460687738,807.7094552646986
2003-07-01,25.130457115981297,529.4809864195704,0.4175235012448468,10.442696122385144,997.8672445364687,27.398453934024108,-1.3688418546380188,0.9938325464939133,1.8746693553559093,726.9047269647773
2003-08-01,25.3979519716961,270.9257059027766,0.4095615060059867,12.930035987487782,998.0158244322638,28.11937395072833,-1.2627931315800236,0.9793065609159748,1.7277581368411965,244.4473177490813
2003-09-01,24.842460388286373,325.0456843539665,0.4117453499996301,10.75413524619634,1000.9376567797113,26.922054251468573,-1.1103330253190067,0.4178279408541593,1.2939410095959094,403.0551516662945
2003-10-01,22.417623881728176,303.96088410965314,0.35776927248201845,11.22682328333456,1005.8534240174554,25.174924004369267,-0.6224313547961601,-0.17330224667826005,1.2349684189254293,237.29439808527627
2003-11-01,17.349073817192124,4.8442258607411715,0.26597118056583086,12.279521745454549,1009.3983566284592,21.77898129883842,-0.6556822939432831,-0.5677423663572833,0.9688421596713185,0.0
2003-12-01,12.663481678843096,6.772952145105304,0.17666708199509426,11.083689480351907,1011.4890762460162,18.952003119907793,-0.7312187118691861,-0.873594477480419,1.4529075115267913,6.718966046246616
2004-01-01,11.649148280894835,23.590423880537088,0.19225897082058135,12.396251921407627,1010.4736720859682,17.154816076677083,-0.259225220740832,-0.5457507282874219,1.2662273802319144,8.971090388298036
2004-02-01,11.989941064907033,6.726904068488654,0.1782082151428244,14.357422468547547,1008.5694286789638,20.018258051139835,-0.5528812330635281,-0.6704932594996884,1.3845624624768313,6.1007967154184986
2004-03-01,15.808226643373091,22.690684858539147,0.17089657303408326,15.9896329800384,1003.7800936453117,25.695918723386395,-0.5258909999217223,0.15766377419514932,1.6529336048909402,17.3839299288663
2004-04-01,20.624688636060544,196.14670280084144,0.33142753485477333,13.066549396767678,1002.5253056837912,24.320490664986274,-2.308818997590229,-0.4844478918887951,2.4095547381429054,217.599508973324
2004-05-01,22.69647079510037,435.5366313271646,0.3393233798000004,14.20364908387097,998.2330445858536,26.831791831197112,-1.9205645308583132,-0.3288305819481272,2.2117656093523883,363.617292545781
2004-06-01,24.604522969024377,475.60895405854086,0.41600994508274475,10.751378662626264,996.9923354459308,26.824937688397263,-1.195486080831149,0.5662342581122813,1.900531053184173,726.7692994320032
2004-07-01,24.786881615572575,788.8106042204475,0.4185656460848722,8.411428740957968,996.911918637293,26.64715177387478,-0.929167100659952,1.126663466873368,1.9531639110900967,699.6956249815047
2004-08-01,25.258983543199633,272.2604861314518,0.40925231068481566,12.344147173411537,996.9025540635056,27.893969037704522,-1.4398830703043635,0.6778930659634395,1.894403853615689,284.2949078473178
2004-09-01,24.274339963996475,323.09541005347563,0.40406759281351107,10.228985618583492,1001.9881621896045,26.659049048375625,-1.1688402551753756,0.4561409121089512,1.7566949832871472,566.7495331359634
2004-10-01,21.19743220396719,459.8162050971393,0.3490523922827936,12.516729318768649,1007.7261467481648,24.500213811482254,-0.7573359527817842,-0.5553571191118378,1.2171527133744902,355.2529165672534
2004-11-01,15.477559484231376,4.355626045679692,0.18440308452053902,12.833738342626265,1009.7897665180451,22.101667550083786,-1.074693888614475,-0.7416206440700827,1.4080132202150397,0.0
2004-12-01,12.203290689492645,3.426778985517821,0.15316525928824215,11.409814198240472,1010.534001883757,19.32738293970632,-0.8673810649749394,-0.7926382559835039,1.5225179112740646,1.3944985042918814
2005-01-01,11.68985577742106,14.42539090569004,0.17666867337890305,11.173998558357773,1010.2071037160925,17.83925676777762,-0.18839936473152857,-0.47413137156398577,1.2320609314594335,15.190553107406156
2005-02-01,12.170801732447263,7.77265586061061,0.1661539230511818,14.798338141991346,1007.490990192452,21.508592775132946,1.1910133622167434,0.46500330280948,2.07962391020947,8.507544058019466
2005-03-01,16.17704475181585,138.98892422256958,0.24313851471792491,15.1552422491925,1005.2773103807737,24.636298709072662,-0.3947916774339573,0.23897093830842006,1.8784325988805963,41.92076271808509
2005-04-01,20.510142106207162,113.83501645171143,0.3198512555774214,16.427377192323235,1004.4882619988953,25.386451899210638,-1.935341963190021,-0.17564262564334804,2.169137443079462,136.90146839257443
2005-05-01,22.305374110455883,271.7771674460077,0.38615674105557535,12.774241036559141,1000.2217730559757,25.300624574951517,-1.9058064519562758,-0.25973369108810995,2.0191064808751125,224.7496081092141
2005-06-01,24.908917763963714,418.47579723362867,0.4084165235320326,11.938383914747476,995.2747486722697,27.59476225393793,-1.6286516364816868,0.1583427762904954,1.8290895643869953,387.5920860420574
2005-07-01,25.01110742816946,455.8358694277742,0.40552683644125387,12.376185472140765,996.937602764668,27.859113492993696,-1.3118624714618012,1.2562849637156166,2.0795073932901507,717.9021507754471
2005-08-01,25.220148510527427,616.1714304961929,0.40872858270599777,10.964888058651027,996.4378890960387,27.640103423490583,-1.0157799107121817,1.141658187937993,1.7486148325772237,439.8344612410575
2005-09-01,25.207398889971937,293.1945051390343,0.396838369915381,13.664573112585229,1001.0138451776885,28.009676887948935,-0.5564251793193496,0.4508678367483095,1.2079938888642505,420.27917505322085
2005-10-01,21.759243609595302,395.17998737834847,0.3663024336789089,11.1485602070302,1006.3459756495781,24.734214900797713,-1.3346399153044113,-0.6438168148762943,1.7127934426946259,516.8675817952012
2005-11-01,15.920725413107334,2.2948442127201707,0.21969308564157197,12.863297846868688,1008.3339923634129,21.49592975385264,-0.5801237973299894,-0.8134609704146082,1.2353216788663623,0.0
2005-12-01,11.594374576691685,0.06385993665137835,0.15375677725902864,12.406576956011731,1009.4750803244136,18.95843003646838,-0.6756525080691103,-1.0351088323745405,1.5371040319373992,0.0
2006-01-01,11.566079930180898,0.13567516251309428,0.14164455956999428,13.009774482111437,1009.4695167810286,18.35631917044256,0.134674511137596,-0.32440137007058584,1.003772081029596,0.0
2006-02-01,14.80147593169332,11.00349408108369,0.1562283125102606,13.75214458787879,1007.1637949162384,22.69013473461203,-0.9428126754354779,-0.5540229039532798,1.6236989335679173,6.154465473781935
2006-03-01,10.778023214206616,14.06517694675783,0.15999163394255528,18.28949763297245,1004.2540700518925,26.13968082091134,0.4951592876608965,0.21270621469254683,1.3155505504736096,18.072852475715408
2006-04-01,19.884396655920806,141.89808421444985,0.2867443156643749,15.859153600808083,1002.1210131175033,25.738486521043388,-1.8623952963617114,0.12878620912731698,2.4869110027269907,205.1203979636684
2006-05-01,23.42326533844902,468.64403815450567,0.3832836402204457,15.177881454936465,1000.0950375799961,26.95017841235947,-1.3235505496224274,0.12029523184494467,1.5413000320146597,353.93418773304336
2006-06-01,25.112350518968395,356.9314498005196,0.4132598665025499,11.85350472,997.3307702589043,27.56163174189304,-1.1886610699342157,0.369720318197,1.3369723857732903,417.9045814499711
2006-07-01,25.333243187152075,381.8394243807588,0.40758185512509165,12.898220976735095,995.3910356052334,28.43089425791435,-1.4567203524214474,1.07415103128501,2.096744950538183,482.98870181459375
2006-08-01,25.263575102133974,275.3248842816063,0.40457901953097164,14.660247402541545,997.8009139422197,28.492116857748094,-1.18506606560493,0.8358009194970404,1.604050331907184,222.23036005280238
2006-09-01,24.531064540079576,335.95813824761854,0.3983808146261607,12.162688144805085,1001.5399887932057,27.014234492626276,-1.0103813213611694,0.2505192208129549,1.7214920379098158,466.6734611366735
2006-10-01,22.204810599994904,62.754743346436285,0.3347120039546168,13.9915449769989,1006.5868027951517,25.894501387595227,-0.31998561327447334,-0.39152153124829464,0.8298892756851517,128.2881787632451
2006-11-01,16.692677143623555,17.97569033650638,0.2197416860407049,11.911946259797983,1008.3495916719278,22.46807983873672,-0.36478229967431997,-0.41494476925243035,1.1768976112258966,7.437949314623169
2006-12-01,12.862890883663594,12.562502645412087,0.18848944819684368,11.695717483479962,1010.6437649965509,19.525556078699854,-0.7848282200461222,-0.5686833536015073,1.3044423210577363,5.203072826428847
2007-01-01,10.227672624510356,0.7988739575397842,0.14696223686867094,12.92668511085044,1011.2489459104021,17.915296397453126,-0.29695185136624136,-0.3975053786765329,1.100103990463138,5.756263081593948
2007-02-01,13.50513094534608,51.803319071244694,0.2438828963737983,12.665977001731603,1009.3759836580792,19.078155125787273,-0.8873545543283956,-0.6326167776471093,1.501077623849999,27.375474398786373
2007-03-01,13.00075750565368,19.871224697546314,0.18393534787433782,17.536852318476363,1005.4885318249915,24.321614066130515,-0.051749828336447895,0.10208548481824074,1.367962684026021,14.464350038586243
2007-04-01,20.368109754311945,218.01799347823757,0.3126068829366254,14.514481314343437,1003.0637261166353,25.65544018100009,-1.9629810769148548,-0.08281763536761506,2.143069710581093,162.70273123365462
2007-05-01,23.80588039175703,189.3234934294845,0.34160211003149094,16.397262129423265,999.0264931500617,28.155730593853203,-1.540495634762617,0.0772837590689611,1.754422091443371,323.5818256493771
2007-06-01,24.829289053329337,919.5659508079459,0.4131534025404189,9.59416006787879,996.5738547226828,26.93011003564908,-1.5066568362993826,0.4172139033645091,1.960960789119715,487.9519430969701
2007-07-01,25.358012865824147,796.127365033236,0.4184054624844002,9.436996410948193,995.5238157943472,27.346775503646462,-0.9229162892055419,1.1325806244765948,1.99680521496907,666.0455153205179
2007-08-01,25.460942993710994,433.29618297790097,0.4042617529368471,12.093941578494626,996.6672194828199,28.042521728759276,-1.0781635923857953,0.7532701542028662,1.566383628586007,258.5796646060366
2007-09-01,24.6130089634597,317.15138747303445,0.3986060754538386,10.88330426472538,999.3271768765127,27.10713810789066,-1.1589511429500903,0.39585112915295956,1.4906625733787,651.0157554048482
2007-10-01,22.616699869324325,181.3424866539476,0.3633295461307251,12.350739529897929,1004.1008673987864,25.644176014676184,-0.8041996613275971,-0.34963711098142386,1.3124891190368908,103.56711956948946
2007-11-01,16.935291820744496,7.825083315330947,0.22899977417505954,12.335878581010101,1008.2198454808503,22.4139695074422,-1.2459770039436393,-1.1442356777913645,1.7378342570776513,4.023811895197089
2007-12-01,12.311361022009553,0.36690606428215533,0.1591992522109483,12.003748840273706,1009.4938520229387,18.950513931702023,-0.5709142545334639,-0.5972937306817093,1.209142279447377,0.0
2008-01-01,11.841996597210514,31.593290669085263,0.18539935497633211,11.94946138455523,1008.8640774068178,18.208315619539878,-0.08161276797589515,-0.0381075279920099,1.2925633862885753,22.703836571086537
2008-02-01,10.746512999313737,13.100282862864058,0.2110758451583368,14.68682145956113,1008.9736444006337,18.45716036933096,-0.7402053384654659,-0.2454385902523704,1.611339931369577,6.314510481285327
2008-03-01,16.856555505170252,70.66357686376492,0.225826217934766,16.10922329664717,1004.1438573610985,24.058258038866075,-1.6132314642619996,-0.28128534346071205,1.9529821810136694,43.23721375031905
2008-04-01,20.342729660316778,124.59799040279044,0.26165372546674426,17.053132698989902,1001.555250497488,26.40523006246551,-2.1858978442070063,-0.21257796509097324,2.4849223146229464,104.50780824892449
2008-05-01,23.585782410866223,436.6632337897189,0.40436142504739625,14.039781093646141,998.4600985484891,26.485927722989352,-1.348654067015252,-0.08692930254341144,1.4813375852849742,247.66292288520125
2008-06-01,24.636513022734288,708.5422119331092,0.41890193463977343,9.464484711919193,996.2446066192526,26.648475780808187,-1.8321937483970567,0.49885662900076977,2.0877663412442033,671.8998840303133
2008-07-01,25.113702989455838,593.8203350023049,0.41607728922705034,10.075757318475075,995.631044521895,27.319652790928497,-1.1896891450058489,1.150922166380598,1.8350790456406654,672.551047044812
2008-08-01,25.129929792566408,633.5274475502213,0.4175330833566815,9.945892071163247,997.2959613705733,27.205165180518314,-1.034093978398007,1.1273616936044457,1.7852552932041588,595.54278773539
2008-09-01,24.936551803306322,307.0268346549104,0.4084968487261121,12.002444702009797,1000.3646333744346,27.224694097885006,-0.9205429956086156,0.2926551732390818,1.246305373271021,321.21376040776573
2008-10-01,21.764069834684644,83.3967508316202,0.3351163616161776,12.767353808283197,1005.3924264275188,25.210372540973328,-0.8798241500164641,-0.5119805287056306,1.216975068171698,215.38850563800702
2008-11-01,16.240386684944358,1.0597321917672242,0.21177178520947593,13.15435950868687,1008.2607699379868,21.906554366603064,-1.1392914811368746,-0.8489057123139251,1.6280262614531185,0.0102407534917195
2008-12-01,15.107770915822297,7.3096526603493714,0.16097206098320974,10.132435644965788,1009.6100662372847,20.471861744393145,-0.8135920707392514,-0.5887071201179035,1.1369692725193157,0.0
2009-01-01,13.05544347902899,0.9499555342247363,0.15151386329350078,11.458163672727274,1010.3855837479508,19.538772141502303,-0.4294915301903097,-0.2996484299520205,1.1611035385319373,3.7895082979491272
2009-02-01,11.834939107578407,0.029651556612955817,0.13936634999505024,16.197344486147188,1006.0329794407525,21.862022301094555,0.5112090017716434,0.35902868791404063,1.2456323712052353,6.794027010599773
2009-03-01,12.374315742127267,57.14984617158156,0.16424205900598093,17.430091663907387,1004.6726203179732,25.43590324677799,-0.5205818868918619,0.052195457800004126,1.4023305405229323,30.201761962428243
2009-04-01,20.66824328554201,151.41681504587123,0.3048368229207768,16.378485454949498,1001.2022131727432,26.58160734427098,-2.2397267355742283,-0.32552679376570065,2.3420961490537966,136.36765449408333
2009-05-01,23.149406317260013,395.81609306059687,0.38479423075477404,13.776161196089936,999.3587775741285,26.42589180897566,-1.5690256489026273,0.04432711304496499,1.7906834531461775,383.4804385792126
2009-06-01,25.041857127822233,414.56365883705223,0.4057086015951754,11.327031022626263,995.6105156624843,27.48258646929708,-1.3851886089482293,0.3187605351791639,1.7248468713735958,510.93003600727434
2009-07-01,25.38097424176201,410.82119121717153,0.4020337558173325,12.2382773028348,994.9250355753223,28.283409940011758,-1.1721355779429685,1.251065747323818,1.9441848253635232,396.9034233382254
2009-08-01,25.456944219092694,698.1152420852471,0.4176027049999666,8.922540776930598,998.155417571952,27.307388269617746,-0.862225252877388,0.7565617639725588,1.5127634013000255,630.4876413027447
2009-09-01,25.28410946110686,261.9444118677497,0.40536494874793677,12.193829075309653,1000.1875895787301,27.658265636842284,-1.0487650787629665,0.4738110256435896,1.4782781587855154,232.96117627692948
2009-10-01,22.143055348724165,221.08424926142186,0.3269364457365044,12.846889632733223,1004.2481377430429,25.823693196336183,-0.5394848493459211,0.007503863140751297,1.2177219395469845,252.75660836190895
2009-11-01,16.457705252291,2.88373915918634,0.16719162269874852,11.927917935353538,1007.7904550327495,23.067653770832127,-0.31422724918885675,-0.3935348904413808,1.4621162178211433,1.5295605941252275
2009-12-01,13.216077593259318,1.1395897124950747,0.14406837719432222,10.873779080742914,1009.981048170083,19.669436390324602,-0.191733445333479,-0.22611504325108484,0.9236899950055131,0.0
2010-01-01,12.451722321769807,0.06893391970241655,0.1416765335445957,13.380573346627568,1010.973305086844,18.391275190973037,0.14747472707438294,-0.4956919949308752,1.081765580429133,0.0
2010-02-01,11.238605337844806,0.7907912543918384,0.13964152411809042,15.665453884415586,1007.8863213401455,21.2058393650413,0.6317850826708614,0.19317427957900854,1.394444278909095,5.842454606836493
2010-03-01,14.176789584117923,27.91504235866711,0.16912519182122543,16.95598917306559,1003.6820902723686,26.66912118421391,-0.42918200847884275,0.2644632851817236,1.946177309077059,12.991018730221375
2010-04-01,20.858920385829553,383.22511886248753,0.2963391937872376,13.648591751111114,1001.3660879918983,26.266365331527787,-2.2436940053576975,-0.12483053695473208,2.5638864156716332,147.4461144187234
2010-05-01,23.759038233205477,619.1759886726156,0.4096780276679185,12.312946007820138,998.7226727589658,26.09780564505492,-1.5004981112736528,-0.008197422026034172,1.622567599984569,411.55501403230613
2010-06-01,24.89930819591692,689.31186149088,0.41790345432782416,8.086967586666669,996.8593559484823,26.616603043167704,-1.6838478874036362,0.5805055690855291,2.106220663565806,831.7204927993545
2010-07-01,25.435273307758063,491.48399055529603,0.4137780181745553,10.88554004848485,997.8486666319828,28.044794871807895,-0.9217516657971295,1.3321367527771246,1.8850672723321003,513.3599111976047
2010-08-01,25.555988124823823,485.0558984139847,0.410474987160542,11.708111313391987,999.0540262360884,28.114455411332433,-0.6403142821559615,1.023869812500209,1.4471743785271562,364.6473793362127
2010-09-01,24.890299630341733,358.3128596468414,0.4106271073312471,11.242439275455336,1001.1790869512181,27.11857467895408,-0.7891042616873077,0.5646473873986139,1.267398396133596,399.0003028190498
2010-10-01,22.608236373399237,133.60554524414127,0.364424532047892,12.549794695613919,1003.0648159314925,25.81944240534025,-1.066606977211998,-0.7052212044562686,1.6843489734574066,96.90888567693307
2010-11-01,16.79843004168889,6.839377121438743,0.22827461486713654,11.84300025818182,1007.4473865441526,22.55839086243603,-0.8237518805365772,-0.7162246838322393,1.4710410322308591,0.0
2010-12-01,11.69737586627066,3.8964799693674563,0.1680108854381453,11.289501847507333,1007.1769468341431,18.857014661846762,-0.7208825564143635,-0.3903022671647009,1.2734855403321375,0.0
2011-01-01,10.873042395434217,14.088125356238379,0.18578489992819766,12.15527009931574,1008.8617304499762,16.642035907734197,-0.3605087392918254,-0.30643923710673593,1.2117369464294767,5.311911570664608
2011-02-01,12.30120197436513,14.583328153374863,0.1760304141354251,15.379555208225112,1007.3241646138422,20.629447341963008,-0.2587374193069739,-0.23685448296142347,1.2669386823656288,12.109809935092926
2011-03-01,14.124885774614318,47.33062504362273,0.18625308845050173,16.87261187470961,1004.2052986725243,24.679114097801577,-0.22882499303286377,0.2976035050516138,1.7363767228453904,14.847482793981383
2011-04-01,20.10159122634017,157.4982398960951,0.2821372360332245,17.30538629939394,1003.9605251788722,25.890661623148834,-1.1508986656914657,0.20158913431745587,1.6345904055282496,109.39724546201303
2011-05-01,23.414098612467473,476.8507286162844,0.4068335453902289,12.56642533528837,999.88270817996,25.944446435196888,-1.1714900501623493,0.1842886780247544,1.383396504726318,352.9980307579041
2011-06-01,24.97509186882767,530.9535717635175,0.4144199607669304,11.293655705454546,995.4229775275544,27.220899749781573,-1.7470270889535902,0.25485059088729456,2.0307551793360847,429.30025418599456
2011-07-01,25.095692813136232,462.11137922909234,0.4149137764809846,10.706354378885631,996.5536887664448,27.58414945754684,-1.0748980050834318,1.0460034900474486,1.771905266872497,364.7693954901262
2011-08-01,25.108747557375658,635.3845546248663,0.412719946693776,11.510581571456502,998.0457426228007,27.374058659125662,-1.4733747399952561,0.7600892050719177,1.9300589126148924,524.7379581884906
2011-09-01,24.918730065702217,444.66089536576146,0.3973156471124001,12.285353760144414,999.0544467405174,27.357371508023583,-1.4567118378279589,0.5194492218951987,1.7222798025813029,427.76349024050165
2011-10-01,22.185584706505047,26.121226765590553,0.2786974055792696,14.034242353913093,1004.7816151519609,26.274651052898236,-0.5253503683919276,-0.3637544439607275,0.8969921650325152,18.930573676571704
2011-11-01,14.942318725329082,7.097516590778952,0.17491275363498263,11.988967856161619,1008.6706005293825,21.731197352297002,-1.214944227913815,-1.2603553632694464,1.7956851181316615,0.0
2011-12-01,12.974317004246394,2.3068779980972396,0.14960170719747085,10.93141179081134,1009.768300715064,18.913076956864895,-0.7970060615051684,-0.9945699330687563,1.4520405845428823,0.0
2012-01-01,10.926127993303101,14.249436255705422,0.18416079039214758,11.327561368914958,1009.9349341700143,16.718100871399688,-0.2978478234767448,-0.3184277084993206,1.1942304556604553,8.354544745792044
2012-02-01,10.5530343182284,4.028171217117398,0.15169038470303792,15.91281845726228,1006.4694714800212,20.049855192709977,0.11453364187730228,0.021123110230730508,1.3324068002991758,8.197701603354831
2012-03-01,11.006910069410658,2.938647249319531,0.14144461735252759,18.312444667922264,1004.2750724056341,24.837944587366973,-0.02857691544824566,0.14463215976633054,1.4459424607430014,8.760082207304059
2012-04-01,20.079344273962185,164.27391323834314,0.29104709175700694,16.035352964040406,1001.7437590912381,25.735647697191876,-1.4200216134549797,0.22021764728758073,1.7637128464393432,239.98677550518155
2012-05-01,23.24070799868908,198.75407937752507,0.32174072377492957,15.845456211143697,998.3783094439864,27.969175934255556,-1.5629655684271946,0.0758264369162879,1.7504731844540258,276.4739481116786
2012-06-01,24.8719067308317,647.8330902465698,0.4148519229567814,9.849099161616163,993.3446166232641,26.96081726022845,-1.907676655066134,-0.14887717861920496,2.2455781061500937,718.5851475339948
2012-07-01,25.24816013533817,492.9146037477567,0.4134766388188049,10.547814537634409,995.1003468333794,27.713063880992525,-1.289510783111284,1.4738525267570253,2.2123831993206204,622.4570117488053
2012-08-01,25.234667131853424,356.4797828261641,0.4067245467239733,12.578513328250246,997.6769790925257,27.938447102571267,-1.0716581642685983,1.014049421890274,1.6327464946853731,398.1310615366156
2012-09-01,24.660541820975695,448.6104782789883,0.4031626122728342,10.9201923318387,1001.1715112196182,27.023923747643906,-1.0639773662002,0.41892376003040616,1.5676715501636698,552.3805442521067
2012-10-01,21.033869661994334,94.21708967476211,0.33627462290754223,13.019850007692622,1006.0270904893824,24.713362065150893,-0.3929157503267266,-0.239823441444837,1.1274926396842377,174.15911462090236
2012-11-01,14.23171961633447,1.195448388396718,0.1739799629237114,12.95255166828283,1007.5995262215253,21.271891591749636,-0.3139353543740732,-0.30216288821063064,1.1601029046424662,7.267817051121684
2012-12-01,13.225098481959833,2.433716574629779,0.15027902714395877,11.075432874291302,1009.06500675766,18.697678808670343,-0.6297898325169659,-0.33565842913431554,1.0717825453278937,0.0
2013-01-01,9.972285417673005,0.060312375451328636,0.14224953015956088,13.478501917497558,1010.9830192092296,16.431472562042295,0.1051259554415194,-0.3136841624363427,1.1733223017207453,5.8681578874588025
2013-02-01,12.057206184557874,15.958514861391436,0.17073272234433653,15.0490529974026,1009.1404906937681,20.611377323447908,0.49288158849376285,-0.18266653967282132,1.3706130185753562,14.206519991701303
2013-03-01,13.849372101700185,2.2793580583118773,0.14295060302893475,17.92524524713687,1005.370818067902,25.727489595111813,0.055675680732913485,0.15763390461992238,1.5295965688857145,10.536818955161355
2013-04-01,17.4317051227968,112.06796973912859,0.23856067991417265,17.393731694949498,1001.8457562838674,27.043113638752665,-0.9379174281691863,0.1680731146664732,1.8589182412260759,138.03092303709553
2013-05-01,23.1232245799811,331.390421671964,0.3815846277549547,11.879904388269797,998.870849162301,26.105752325943634,-2.043846330047625,0.06151335947130591,2.2088708565819966,303.13711675586126
2013-06-01,25.28311479703347,472.1050191137394,0.40155345236010825,12.726021685656567,996.2794961174243,28.103752373332558,-1.1319081278842709,0.5580825261957316,1.4998901041998742,477.00801433216446
2013-07-01,25.175136253180458,313.80648367645983,0.41164968036292393,12.029845478005868,995.626723792232,27.995776327039362,-1.5297845101581797,1.1037857736349495,2.0729131943144528,383.8204431454341
2013-08-01,24.97070657401338,358.52871367228545,0.410462185116069,11.002244660801566,998.2524863055328,27.37919498243487,-1.2916741059633605,0.8384831355580604,1.6842497579426297,400.9223189050502
2013-09-01,24.830476706148428,240.2556150467186,0.3950022958826136,13.040147367942597,1000.3935138277305,27.510169405311068,-0.8225296436736882,0.3544600767318649,1.340078805851768,316.4790887500301
2013-10-01,22.06528646047128,110.38179840105042,0.3593200074534884,11.792565188312514,1005.9072717239814,25.12245532918655,-1.065283462852871,-0.3230498666520926,1.3649118542883432,288.9902707706799
2013-11-01,14.704471665970027,4.900973941013271,0.2326381193989455,13.282259621414143,1008.9200019199155,20.7735010147095,-0.5207200894773208,-1.0779459645691947,1.4517809357422442,1.9492447780840325
2013-12-01,12.528760251380547,2.669732336399689,0.15931506027962494,10.686624478592377,1010.1516477224999,18.662352707689795,-0.8141834837794499,-0.8142388108966017,1.3735809491952884,0.0
2014-01-01,12.308355569451074,4.499298346019204,0.15652685790001356,12.51782450557185,1012.1946796537708,17.671600178718283,0.23942742378014864,-0.389004987014082,1.187369560947729,0.0
2014-02-01,12.270304823678662,18.389255310039836,0.1813453872482498,13.878854653246757,1008.2389553980092,18.88787080123486,0.6769710405650422,0.19256549824195854,1.4017201581096348,14.860636393229168
2014-03-01,12.502314635743245,5.935415684607368,0.15093614125181853,17.736742088056538,1006.75763840904,24.539526347299887,0.337720908222155,0.20383723129391793,1.6865299502505373,12.140358578075062
2014-04-01,15.252560292638936,32.34937835463933,0.16532063159878405,18.83838158707071,1002.9702567024412,28.494100123190346,-0.7900188711596662,0.29952509732358784,1.8223454540378274,51.7397705598311
2014-05-01,23.168271538643417,338.1948120370323,0.3410635645205441,15.51503209305963,1000.3016029867731,27.299139365391714,-1.5545906308420556,0.1269943483724933,1.8508826178118103,416.3439348105229
2014-06-01,25.165616869171892,555.6775454076217,0.40961395957253194,10.314751993535356,994.9648526087701,27.341131554420578,-1.5078246555264152,0.1196307729310058,1.7521698154894585,468.4752188798153
2014-07-01,25.468132314125803,377.1922146420684,0.41133920340788177,11.215175787683286,996.1119457423913,28.1202564742908,-1.784464644818634,0.4311149626067191,2.0057622683480236,374.5653498273908
2014-08-01,25.224235271281113,601.1155941544861,0.4162547907327433,9.935016102443795,998.044798514696,27.33339984790634,-1.1335134920603138,0.8571496452248887,1.7388573490732815,386.6083625851256
2014-09-01,24.54584453646987,389.47032837285803,0.4085552864203148,11.015435396808714,1001.2999246531067,26.777485386241594,-0.9764353593511614,0.4538046670281125,1.379766301585551,696.8405358921399
2014-10-01,22.00806161240984,41.01882228928767,0.30778261460011846,13.732738211480052,1006.8965410448997,25.658137908468216,-0.3666062510724408,-0.3737040696683246,1.0031360896948835,56.849702025904804
2014-11-01,16.84361301897353,3.0623073978714617,0.17311999067312941,11.726982221818185,1008.0351393650043,22.758228618737448,-0.37139398245699085,-0.6035184585446061,0.8653926323766068,1.9771754322629986
2014-12-01,13.619770458988379,7.2548107633088526,0.16716110550180324,10.748895547214078,1010.6065885995796,18.92032243350154,-0.2483667841405114,-0.6403120039495206,1.3843633092181402,0.2664934945828988
2015-01-01,12.635632672998199,30.238460751100824,0.21567638716661958,11.945226970478986,1011.3780305219536,17.606883031174533,0.3472859544915616,-0.3202748653903463,1.414321490673971,8.961370453690039
2015-02-01,14.002999205128308,22.520877109934993,0.18358044259647957,14.243064269264071,1009.7570699707737,20.204250446336122,-0.11528006712079568,-0.11702622745460246,1.2044625089064507,9.439034927252568
2015-03-01,15.170933079773949,44.985035119839466,0.1857910286762614,16.641035830163563,1007.8967378971801,24.243644000513644,0.826238616835842,0.4043251586838241,1.8246925125287303,38.52794551704869
2015-04-01,20.21050217663803,203.14745778173452,0.34274007444028504,14.540658204848487,1004.6218514082888,24.50672637746794,-1.2605562531346024,-0.05065684471066152,1.7225424747997684,173.25953688188036
2015-05-01,23.299007574002516,659.4952243210491,0.3988656299748923,12.242369089345065,1000.8592005332433,25.780873758360194,-1.5408505385611104,-0.23257617732918434,1.6880941573341581,487.32068614959724
2015-06-01,24.817057194950632,594.0488704063964,0.4161063589230933,10.035997640404043,997.2241589692499,27.008015713033483,-1.681763410833147,-0.0028437100596701015,1.957717198195533,665.9475715666107
2015-07-01,25.019583770140432,459.8861337215394,0.4067970768097909,11.831579033822093,995.9598055886487,27.804913911170026,-1.517462892849308,0.34396055092754096,2.0047461962349464,384.2849136497036
2015-08-01,25.21405481044539,707.7507053144145,0.41809354516728847,10.08178357419355,998.4540583490526,27.310753480197192,-1.0021126472666428,1.0968558822481436,1.8681831354027092,808.3457354661191
2015-09-01,24.976172023349363,368.366367658708,0.39643779215186536,11.380145591849748,1001.2171701434924,27.330233508537138,-0.6062819615999859,0.2591103480159233,1.2567464508903552,481.1255211425551
2015-10-01,22.236827273227473,47.88142553918523,0.29522132401203793,13.659711025288436,1006.8302193647668,25.887435028831927,-0.6545494393519292,-0.2505464888970757,1.0411756971343344,19.652295263608302
2015-11-01,16.902943683071992,6.152299033411685,0.18525862889659125,12.245143115151516,1009.2743078269676,22.478438475252428,-0.96456133382489,-0.8502491934773098,1.3611898354976162,4.605541002027916
2015-12-01,12.501945286412418,5.22896700515591,0.15689090841870698,10.825848535679375,1011.4544359306269,18.348022355160158,-0.8966833848679794,-0.7684226557966863,1.277688005826366,2.0913766167380596
2016-01-01,11.868915295593146,33.01624216736578,0.20689093302965705,11.159868245943306,1011.5159020720055,17.114918220497675,-0.8315852696983386,-0.7230226711638008,1.3398781350194697,11.645580193490694
2016-02-01,13.824833987856215,5.187767967046981,0.17512153431498104,14.332159587042844,1009.7927836701472,21.03892528529952,-0.736845213683463,-0.2530897808257648,1.3898439677654253,7.71593424623663
2016-03-01,16.348124014045588,79.26430926838178,0.18436015052335508,15.976838997896767,1006.5358526319776,25.02681799074774,-0.23404738196102332,0.12423287546568644,1.384286478189853,83.25935986403265
2016-04-01,20.72777798842102,66.30778000901435,0.2762870760317202,14.555875671515155,1000.6249248079758,25.936740855464258,-1.9349489773644344,0.008264268961819733,2.283467331187167,49.77368854175916
2016-05-01,23.117659926701954,517.5348843899832,0.3876608765603044,13.781099750537637,1000.6418401727711,25.99730432099575,-1.5580282477223166,-0.0886870989468557,1.6550809606170866,473.61698645389447
2016-06-01,25.240310356448422,331.08463207277657,0.4026420859134559,12.246509018585861,998.558364539273,27.941676390291494,-0.7679321664672109,0.8266159410267969,1.3738586926258847,619.853492719477
2016-07-01,25.331793849916508,501.40112933398933,0.4178565095247062,8.994492824633433,997.4269440540105,27.309115084874687,-1.3359591562688138,1.0904314899646566,2.2848146896072494,828.7218509674074
2016-08-01,25.462562662089237,250.2564713904849,0.39533811353557313,13.865906698338224,997.3274501641288,28.745472964886254,-1.2358357867731573,0.6856198009119319,1.7378712797065352,311.55119186025684
2016-09-01,25.12915643929635,471.8489745630395,0.4157006907864452,10.23012469304742,1000.6083374713938,27.089090197142557,-0.8825273057346794,0.3074725095752113,1.1850468582996991,1037.5694727464156
2016-10-01,22.628367376094484,134.7952849558389,0.3447003500979745,12.441191694092224,1003.5061039518803,25.943225878370303,-0.44464115046180785,-0.29100702724848326,1.0567651798978805,140.75417478156814
2016-11-01,17.05247838107025,1.236599978578093,0.18522839671433572,12.473239835151519,1007.8084497829861,22.724686025882836,-0.5314633086554531,-0.6119647875458303,1.1263342316985003,1.8201784668546739
2016-12-01,14.53154863411616,5.191741035263201,0.1551189186441739,11.211516754643208,1009.693799005682,19.949993042683307,-0.3525167248155054,-0.9138489261051078,1.3456519565581853,0.0
2017-01-01,11.969624620961563,3.42040474046867,0.15423841728143325,12.884239689931576,1010.7399912567588,18.260141582370956,0.036109753049674544,-0.6877677598346054,1.1473964421193241,6.646423085530599
2017-02-01,13.4247058622077,3.332761030953973,0.14683242786842335,14.770633375757578,1009.295798789725,20.991402720992216,0.05158268759432982,-0.35543341606554363,1.2082606144135,6.2837098735751535
2017-03-01,15.838791460476648,91.59084391986936,0.24377066586451876,14.805861772610445,1005.8354596274618,22.345324308532764,-0.6782865564611068,0.05260299737463561,1.7053233027944363,48.06956632643036
2017-04-01,20.46380076167562,253.4504844314402,0.36005157997311166,13.31796892646465,1002.6252712768967,24.5392289840493,-1.5195338080226373,0.19112703281620944,2.0320876091335274,235.24015611301772
2017-05-01,23.255529338057347,293.34406069848865,0.39715728349583124,13.782279942130987,1001.255319649685,26.325901119124065,-1.724152254141593,-0.3406994202891325,1.8698845638887713,425.1110208395756
2017-06-01,25.16213023818305,340.1967519581466,0.40652595956718884,12.134257761616164,996.8176805407592,27.78894231764157,-1.2648965524583555,0.3578176940812005,1.5799585203213489,471.70410840005593
2017-07-01,25.241015424880683,654.6744463850724,0.4113150502463124,10.200225939784948,996.9627811220828,27.5268465699028,-1.8639374962067443,0.6178342178459081,2.1794114894181256,672.9324650417675
2017-08-01,25.521451572829665,666.1637393949594,0.4117856312512808,10.55470465024438,997.9754813441243,27.87604571467079,-0.5653253769323002,1.2106769814091967,1.5681561524401373,715.5343004717972
2017-09-01,25.275349246195297,439.6828078000099,0.41208265555025353,10.52878367347316,1001.0425356540669,27.38541086164792,-0.5971428504857151,0.5955935593245407,1.2740660942837414,427.3843776327192
2017-10-01,23.10825935903224,235.88251920348267,0.38371002580102626,11.509313702330626,1004.2411268306173,25.713469291953032,-1.0910256046315054,-0.3404229813812221,1.5057956981220237,291.8776893904715
2017-11-01,17.076011856284637,0.8850162012456391,0.261537365897336,12.755533340606062,1008.1287626660486,21.971212175671123,-0.7105666851917101,-0.9239931881708732,1.538541756639224,4.247499049793591
2017-12-01,14.460647665790125,0.47642347474108726,0.1668190221205407,11.762139443597265,1010.2586838164917,19.851804361750485,-0.6417550903067368,-0.6099936610132058,1.321231233948424,0.0303629499493222
2018-01-01,11.516298694803279,4.49717391709022,0.16015428733887832,11.664434261974586,1008.7421227324915,17.017964342899788,0.7648457995374649,-0.19000348894088812,1.1983671792882697,5.034861769820705
2018-02-01,13.516838727128135,5.100186131229034,0.149450182261061,13.799989162770563,1008.911288558718,20.473579325407638,-0.40521817192714804,-0.287521850581121,1.3988554658328816,7.7259347128145635
2018-03-01,16.234821468613077,71.64737901142422,0.18845248242549456,16.613203802280985,1005.4558184293796,24.2377820784046,-1.2974382076872488,-0.5395628005683752,1.8176344590686453,49.52876412001523
2018-04-01,20.930829186873027,208.2918782263242,0.35459357547438913,14.916297151919194,1004.3543734233613,24.852246036850662,-1.6032729439863855,-0.22904758204514733,1.6815918116771684,184.41738563306407
2018-05-01,22.695850776903587,315.91329178996546,0.4013954569051226,12.459215461192573,1001.7998128045195,25.39994677397282,-1.7178929327364738,0.03542047882359746,1.8815751255199198,375.9624226049944
2018-06-01,25.311095554338987,355.9258707103596,0.4087599692039618,12.796998251717174,995.7636839172981,28.016437348259846,-1.0689256557631575,0.4445431286397607,1.4928042451800205,505.6286795038166
2018-07-01,25.48351667024448,388.73712816269693,0.40780208559058007,11.51909682385142,994.9763996091206,28.31488184638351,-1.4496426652176215,1.0313413124280242,2.1611240645309486,378.0465446342122
2018-08-01,25.620609949310218,360.066818517573,0.4077494727240669,12.43912655874878,996.171074232751,28.35907140056256,-1.345482769739593,0.5621230876496267,1.5872097798941163,354.9874041398367
2018-09-01,25.06823774806581,230.09387542950088,0.3859418423328336,12.642074822625476,1001.5940733566131,27.70069020255249,-0.29409856313005445,0.7407172359119762,1.3416978497093848,561.0486624226427
2018-10-01,21.5464950490674,75.02506025194666,0.31215510587421913,13.179772025297408,1007.196605144184,25.009443058475085,-0.8459357604874816,-0.3808034919923352,1.1889941033898932,70.1107277956876
2018-11-01,16.10879044015803,6.492255676803506,0.19203186497543798,12.66184424686869,1009.3107892541957,22.092097047619575,-0.6534301738867455,-0.4860630287867203,1.1569884569095663,5.0559400984735205
2018-12-01,11.973276320028969,14.225779596307403,0.18215182538372796,11.325611678592377,1010.8488957337362,18.65179496707962,-0.18039142692388171,-0.7821204259054559,1.2777145123343834,7.860367635524635
2019-01-01,10.521964440543112,0.32073327754686487,0.15135355713546914,13.141703336070384,1011.983947968852,18.32488723225377,-0.14632863790991255,-0.7461584604225395,1.4915938207429817,5.543803980856232
2019-02-01,13.570994240346607,73.28619553529833,0.22107887625866293,13.66906897835498,1009.8745980913347,19.969647389641768,0.20630355624409472,-0.035780987001600706,1.231690453450558,19.97994802070387
2019-03-01,13.900337562051442,33.65879657530999,0.20830141293105256,16.996321419991183,1006.5357424920196,23.674035423405616,-0.1374188147759585,0.29440631878108,1.2634543478375688,26.13196260278876
2019-04-01,20.504155161051663,138.39508509708017,0.309865178580236,15.651682595151518,1004.2165822065053,25.646584524931757,-1.3662850999671605,-0.034113701377252136,1.8243274093967974,190.3869244645463
2019-05-01,23.198011048293058,541.590091215362,0.3926036712905024,11.636541213294233,1000.3891862351464,25.87011637695454,-2.017476255181326,-0.5012844762882918,2.217805112890975,303.76384595090695
2019-06-01,25.437704008211615,351.2911792966136,0.4030618409436159,13.11834659676768,997.0987907499475,28.23937548152529,-1.0146073269362403,0.5203317736375213,1.4884720985032704,651.5463538545552
2019-07-01,25.59439871170579,661.7293860584115,0.41552296051492754,10.137904229130012,996.1575072804661,27.81381368950939,-1.1165586595078485,0.9416561576744447,1.8552663554590672,1155.1803373365692
2019-08-01,25.801912980687188,413.7201839246271,0.40599594414525486,13.454266719061586,997.1000579751651,28.700511753135746,-1.2933743750167308,0.5890560235834231,1.6914160111859309,365.92978769215676
2019-09-01,24.944420373576285,663.7373913637672,0.41193898673009394,9.558149956735324,1002.7465484440763,26.960569917698127,-1.2225712594600642,-0.003615064612944104,1.447470689353178,588.6273852521724
2019-10-01,22.201434608327745,143.8316604807933,0.36145280071717206,11.221420112652261,1006.7361563018671,25.03441623291237,-0.6460166490128469,-0.23764382932892297,1.2146021184709512,120.32531365481292
2019-11-01,18.965333685441475,11.444069387009113,0.2523360181095624,11.37764990949495,1008.2996307472513,23.50475077632303,-0.7276328286739312,-0.3463808117089448,1.300262263225686,4.993565986985959
2019-12-01,12.347820912296221,5.406248605045204,0.1730074084826656,11.255280834799612,1011.9527027886604,18.38900893488862,-0.46090805184845046,-0.730380551206751,1.5259144425325655,0.0
2020-01-01,12.270738569367188,20.04079169867759,0.19722729381811116,11.201225137829914,1011.1346579065607,17.26208045191315,-0.025771969426684298,-0.2640010908085813,1.3245479182374191,18.426536612077193
2020-02-01,12.345363812926609,30.061682176418223,0.18939995747416413,13.757809859143157,1011.0756439159239,19.4398629534332,-0.26007257338310946,-0.46170745334406016,1.2738669798291777,13.867717063788215
2020-03-01,15.542119141470252,34.91029940592786,0.222257387292389,16.59554036813419,1006.9410147305339,23.724952696510957,0.33073168650789037,-0.02670048767753597,1.446694152134005,33.394301264213794
2020-04-01,17.86785226956765,115.04577328651175,0.2542829431347574,16.873053484848487,1005.2785517410434,25.790032423770818,-1.3485694719565038,-0.1545109845251347,1.6280602014934915,207.61473755980984
2020-05-01,22.487429741455184,520.9660325002435,0.35708778657288615,13.266899819745847,1001.7122645825698,25.8935192960837,-1.7328091518231814,-0.45786808630122006,1.8719311443147657,504.5332993088347
2020-06-01,25.20443578585233,540.6905729459356,0.41258431983716565,10.876370174141416,998.2229373030436,27.471077953813886,-0.9534139873122528,0.8783781313173701,1.6492077494020734,590.4154405095361
2020-07-01,25.578859572971503,576.4850609801352,0.41803973208191575,8.571859849071359,997.8912913010525,27.430591444038527,-0.5942193053995372,1.262273750471424,1.835142623774147,879.5171710144391
2020-08-01,25.682194475290196,400.1641907214412,0.4071541001564441,12.287217289931576,996.9416783863713,28.438200327828817,-1.3697311796012475,0.7563303041706726,1.7735879361658216,358.68511277256596
2020-09-01,25.424382836312983,467.8947503560441,0.4094602423003226,9.230904741201863,1000.3010695256603,27.198388290019977,-0.8164488719850278,0.5173625851239421,1.2874937018476436,1258.9264362563918
2020-10-01,23.683153962514133,144.61110679057845,0.34837243983472904,12.64329949416132,1002.9197290953895,26.81156730365974,-0.8357600838169287,-0.3597192893163434,1.2249988001110201,143.82740428123319
2020-11-01,15.871075060038482,3.134488027108711,0.22405894860675438,12.934680413333334,1009.8155296556057,21.752272503656993,-0.695399955129784,-0.8622859812585594,1.7052420634711465,1.9981787941672586
2020-12-01,13.118074969120494,2.802131445207923,0.16102490442200798,11.25025042111437,1010.2866489984906,18.566630797449896,-0.2845598808675762,-0.6026128238791091,1.1476182403020607,0.0
2021-01-01,12.422351700803622,3.9113244440279753,0.15140135259494675,11.93364760391007,1009.5419419303291,17.812347595572845,-0.29144340053992157,-0.5232136047636116,1.1067205529631459,5.194235344366595
2021-02-01,12.512524725073197,1.2753282290387167,0.14169407000961412,15.623335512987016,1008.9301701846873,20.4431899384503,0.009990742299463848,-0.6173452900515662,1.2160842158022618,6.262579734397658
2021-03-01,15.551508564605687,35.839612593249115,0.1835108585798923,17.03799193709538,1005.5031524061177,24.449303050583474,-0.8644227128030424,-0.3537656689746717,1.6044919629849752,11.95788258350257
2021-04-01,19.80971561085097,84.43121309018558,0.24127795428137988,18.58859850505051,1003.8619589560975,26.677926232951283,-1.5552704323582378,-0.29304808871914645,1.7934368768512006,100.57594925851534
2021-05-01,23.110423091989134,319.60132766438153,0.3799920367666315,13.882939956989249,1001.3406679980247,26.309618074274816,-1.3089783353578701,-0.19983751969603153,1.6154270690925203,367.75611721385616
2021-06-01,25.114502075786167,460.35045363898183,0.4094802471122357,11.742257225050507,997.543626253091,27.568529586920462,-1.3897818333372125,0.8944520650166857,2.0405644706201103,402.3714991714016
2021-07-01,25.48447550254369,404.943909617704,0.4115842649547469,10.976394299511243,996.9595906503927,27.989087576320816,-1.3572620403964732,0.713883886317082,1.8510358036398087,487.4853217009343
2021-08-01,25.50104541660484,417.23088612316957,0.4171112269367058,9.499525853372436,998.9618706177198,27.436581374908307,-0.5415064400824867,1.138163484265417,1.6448107739498687,627.6198441736627
2021-09-01,25.21785370065711,194.11116905851722,0.3937962518557154,13.71859158170297,1001.591561165036,28.042313723708673,-1.0816075341870086,0.0969275333504083,1.2701057197505001,326.8588031422009
2021-10-01,23.129069417740347,343.75240180361925,0.3574667444909656,11.820537482409991,1004.0855685811621,26.227379666574258,-0.5250849256456462,-0.09988105288543156,1.3043054044182698,422.6909549944329
2021-11-01,15.368642116251245,0.3801725573732511,0.20863806881888547,13.227872141010103,1008.2093692221698,21.433134597110453,-0.8499422395590581,-0.8796865765173429,1.3263189365850583,6.612857580907417
2021-12-01,12.974147175390836,4.563411659549797,0.155584322275887,11.446156243988273,1011.7492567363404,19.060208583320946,-0.44189020110559457,-0.6461306919294914,1.3219706012781813,5.482734534957193
2022-01-01,11.88171823774423,28.398400999299547,0.21352430239839326,11.63177714213099,1010.3615473612131,17.193607861819373,0.010346677684752883,-0.5540542962924787,1.113549869135312,14.147072957501269
2022-02-01,11.748023594750318,58.505174939450555,0.26764276347635113,13.147023163203466,1009.0654709130931,17.396886372531842,-0.65548774895902,-0.2960627466483206,1.609432133755911,43.25430712844387
2022-03-01,16.3168394027218,20.941080679537446,0.1590550392526258,17.087328348392393,1004.345470479429,25.656331618735702,0.1771848861384214,0.34180510022345806,1.480801534597909,11.762743072076278
2022-04-01,21.953741381096147,322.648565990219,0.3828300953874685,12.245983398383839,1002.7146023092251,24.831633467883,-2.262207091753732,-0.4345066041015215,2.4862965432781574,203.2062311866067
2022-05-01,23.302227964056346,487.6588645633658,0.38808532918692024,13.77068719648094,999.3316324545227,26.20897547167808,-1.4498875484671647,-0.15892763981488212,1.6963958436104292,468.4341172767409
2022-06-01,24.75642529882568,715.9468683340822,0.4138582749800249,8.275870817373738,997.6095755662092,26.60649309061997,-0.95808954843367,0.6765328896085824,1.636999557873006,801.1815587621747
2022-07-01,25.463000414697024,287.9586578379971,0.3832112361725242,13.694595768914956,998.3110418989544,28.734082485806816,-0.9510277573314232,0.8252091386722953,1.4856687145356693,506.254507360314
2022-08-01,25.323962559828995,244.37815417545556,0.3794571144101518,13.733567572629523,998.4930120986835,28.65790083143449,-1.0056346898903945,0.8001240306741138,1.616901462229576,431.0487776611791
2022-09-01,25.006505336954167,322.73804168590334,0.40968061504942005,11.413953520385101,1001.5376111518835,27.335144221887067,-0.82826796140735,0.43001136506848064,1.354157176421618,376.50372589824053
2022-10-01,22.105158523629203,225.65960580098172,0.3720511191906623,12.098225162218249,1006.1569854390683,25.20474139735926,-0.5717175728958568,-0.38407579673233855,1.3311478414736166,165.66708226781907
2022-11-01,16.431356648788736,0.8047206943281319,0.2372231561166269,13.24608984808081,1008.4915460852011,21.819159906303867,-0.6901059830469717,-0.908905194825195,1.2319195250868304,1.99270489360347
2022-12-01,13.293914132912201,1.135096378182727,0.15727871695649315,11.63717607702835,1009.1258825028893,19.514633627177172,-0.32328720823022594,-0.4682303584410493,1.0122454570901844,0.0
2023-01-01,11.94920145210674,0.3542534753872989,0.1460451430006577,12.811525067448681,1011.2489347650524,17.570648468181677,0.2203950306614901,-0.5009495139316225,1.1929627654738773,0.0
2023-02-01,13.622744777811578,2.2318739313882365,0.142675043356539,14.320320965367968,1008.6613868138699,21.090553078782186,-0.24400823150706327,-0.23550706627909074,1.2236101272275648,5.26281879309452
2023-03-01,16.54970854519635,110.27238032420883,0.24380639039875823,16.19056783313874,1007.4445474191259,23.776850823743935,-0.6134415809088167,-0.27345608283658496,1.3324863353468268,60.66717827103355
2023-04-01,18.396150013445226,29.0917791678833,0.2067599348588423,19.243331450909093,1003.0268369870583,27.330116507276568,-1.3253485293902132,-0.2870258819775951,1.5234965912091896,86.92793133475566
2023-05-01,21.467592059023904,299.81408774585464,0.311330783852695,16.58500021192571,1001.781902466258,27.505226394414695,-1.236564704065954,-0.05388887228426618,1.5658056237728857,196.92015036380653
2023-06-01,24.94536873518821,648.5046857704943,0.3680585233129637,12.309860496161617,997.2125411629315,28.009267429133487,-1.713810684424057,0.1310755490453958,1.9076894401141427,455.9121545184743
2023-07-01,25.87190611495303,436.29356906390683,0.40322561180137123,12.034650460215056,998.2802638755246,28.650026551113363,-1.104651526334271,0.8559220449199659,1.7629209912459827,494.53829699718597
2023-08-01,25.8601820988312,535.5444550505215,0.4100812881534362,10.647218730400782,997.3486108603679,28.182528519591614,-0.636053201980566,1.1619616008729337,1.7569628589218529,578.011990035664
2023-09-01,25.815163676843124,326.6008579239824,0.38635736471876153,12.812913063333335,1000.3062280516757,28.472525593664535,-1.1172316757195728,0.15330070603174797,1.3539828067919772,285.7861132542293
2023-10-01,22.44629986844729,254.31159846881994,0.33173292588239855,12.253644171781641,1006.1304569749285,25.82983472046617,-1.1524221421764123,-0.40499719951159796,1.4683890443869567,173.24951483986598
2023-11-01,17.180419024971624,2.197569371831517,0.16756068091601234,12.758395812121215,1009.785317903646,23.723434619710925,-1.0355174891796177,-0.8635869261150811,1.5231773234865922,5.659601625529204
2023-12-01,14.197232763663946,24.956698947679655,0.20286843954604003,10.89099674447703,1011.0274879465015,19.969038427283948,-0.5911170664653984,-0.8333977330193221,1.25768716560818,7.946090573253056
2024-01-01,12.505371320841968,6.443843702408369,0.1597018239707114,12.030314303030305,1011.8797612837677,17.360417837799883,0.2642152260475494,-0.4628714720718867,0.950271371701106,0.0
2024-02-01,12.46229084563648,5.68430678314636,0.15481623679825088,14.09523257680251,1010.7312300881255,19.683380984761772,0.33586411153925544,-0.0675155639150175,1.1704706083729972,9.4248939557509
2024-03-01,14.883297677411463,89.98655583210191,0.21690555757713378,16.451281503617484,1007.3146371419591,23.630587402870795,0.052331710110350836,0.2951166100127568,1.8660938821976731,73.04526284535727
2024-04-01,18.554302801652415,13.25537577822103,0.19279278816197457,20.0171611579798,1000.5703570085623,28.449752811598884,-0.8292782836008554,0.05843788777938999,1.785996480269968,69.5190990231254
2024-05-01,22.21845186121034,272.4922470172588,0.2686838488735722,15.80551650439883,999.9244733944792,28.593137954383796,-1.6361864678826308,-0.18937824759043634,2.0816671965749642,252.33864803856073
2024-06-01,25.43693673246238,676.4385119312813,0.4150105105827152,9.545621874747475,996.9531257151596,27.49621420606622,-1.7442070294389822,-0.15698830649507564,1.8883332338695433,689.0381905758021
2024-07-01,26.110088253425236,401.3006007392749,0.4071609743179814,11.21129827644184,995.2599294587128,28.804614968422634,-1.566141855837119,0.8524232584243879,2.0352077327696345,643.2982079881612
2024-08-01,25.389968664990317,456.55348011311634,0.40504604897696406,11.868442898533726,999.3375570100579,27.98088799765929,-1.605609037426327,0.6154969093814352,1.9714408821922456,291.5383545161649
2024-09-01,25.833917618825403,298.96890561776337,0.3806541460852832,12.882212430086017,999.7090529915038,28.690407650237958,-0.7696987646035475,0.1489803954407021,1.4865920111901756,525.4392519394783
2024-10-01,22.96986949469456,317.9345299256351,0.379663805124153,10.343286407591352,1005.0786971634823,25.58438247464389,-1.2326312479502064,-0.3615353995870403,1.6498916591003172,124.96377811720878
2024-11-01,17.916206823920582,5.57270541925482,0.2533602080682312,11.994563665858587,1008.7705763556793,22.89240087464204,-0.9011001688302167,-0.8631283652742303,1.325447781919506,5.446395949161414
2024-12-01,12.699514936445306,1.0258377921003092,0.1632332585230057,11.66539503655914,1010.1308307867614,18.696923088304953,-0.5219263201701444,-0.6588181638142775,1.2215869663600225,0.0
2025-01-01,13.02852382840146,1.5603436933779864,0.14945359240917552,11.582490273313784,1010.0492031361372,18.393257146955303,0.09341592521456175,-0.28723293843895503,1.1389686378516684,2.777648868705288
2025-02-01,13.019543123864533,1.916660458842863,0.14349977595121485,14.003038232034635,1009.0802580598114,20.556746429316778,-0.6401531335337339,-0.5359008487770913,1.4049144574344186,11.78259074733113
2025-03-01,14.318627709431953,15.294421817806771,0.16006008532273336,17.31571882395872,1005.1410691752455,24.812625487008464,0.09071832709220772,-0.04968106805715005,1.694570735692585,12.940643656615057
2025-04-01,20.45672704394821,143.86819281362892,0.25960534554940684,15.949396580606065,1003.5608323860349,26.733440995778324,-0.8910451549391957,0.17976783999690307,1.643794169769128,191.73779859831842
2025-05-01,23.348274720068613,702.8373430543843,0.381662907605064,12.609432472336268,1000.001308684756,26.527652029246944,-1.9445013515177831,-0.5987741170235589,2.1024669801889337,494.4179489601743
2025-06-01,25.287841634910944,333.36154701245175,0.3879364622482146,13.436495613333335,996.8473449820472,28.412592459142438,-1.422826427706966,0.5802649463708153,1.78891841656231,337.06031289534144
2025-07-01,25.542783075421543,370.28219978431434,0.406955361762471,12.884215788465301,995.6090714465727,28.525387729608756,-1.7328993552047294,0.7771876125391628,2.1030869294381906,473.0959657755766
2025-08-01,25.405497358737946,378.84453114999866,0.4126787538053004,10.723487557380256,999.5798011401822,27.658726049021144,-1.0763036289755785,1.032123195693873,1.7959849931094387,412.19550219160146
2025-09-01,25.506840871688915,249.71730132573288,0.39471900670215343,12.760159561945235,1000.736458082781,28.114428326898977,-0.7187136756370366,0.4424201792016978,1.111233970649347,644.9486043756659
2025-10-01,22.976886450082972,277.4825471118126,0.33939849938038086,11.93927689288131,1005.6421505834556,26.232250177452435,-0.7470568702756175,-0.21027093245175965,1.2875290723955133,220.5847936789195
2025-11-01,17.498625594373536,101.2729922556105,0.2901887049819484,12.280883961616162,1008.7462094779173,21.93985649995132,-0.10398139246385106,-0.49264747590729685,1.1827534654096474,10.002470056215923
2025-12-01,12.889471457547597,1.6828007372678806,0.18193794205741098,11.533832005474098,1010.5915877292966,18.35128961838432,0.25362518678934265,-0.51211550477352,1.1616868760079244,0.0
2026-01-01,12.293277982859104,1.9108077603989322,0.15846118112851834,12.972779566764421,1011.7552810743524,17.886713637137294,0.6390651903155574,-0.42689899351046046,1.032088470393209,0.0
2026-02-01,12.709552074022808,0.3211919227007854,0.14047598348232943,15.532949630976432,1008.8928028728403,21.445939043403992,0.6993331229869588,-0.01634186157072434,1.1540252930312962,6.258825280449608
